userid,link1,link2,link3,link4,link5,link6,link7,link8,link9,link10,link11,link12,link13,link14,link15,link16,link17,link18,link19,link20
58fd96255e87e71f726905f1,https://www.xiaohongshu.com/discovery/item/5aeed407aac7cb3c1e784cb4,https://www.xiaohongshu.com/discovery/item/5b1f8fa97ee0a97c50e60242,https://www.xiaohongshu.com/discovery/item/5ae41228c4463f6a917c4ffb,https://www.xiaohongshu.com/discovery/item/5ae06c5f0c17b81c7d567431,https://www.xiaohongshu.com/discovery/item/5ad9901c4df9836206618c31,https://www.xiaohongshu.com/discovery/item/5ae6d54207ef1c03e46fd69c,https://www.xiaohongshu.com/discovery/item/5af4fa4407ef1c03d670216d,https://www.xiaohongshu.com/discovery/item/5ad073ef14b84e38d9a34a86,https://www.xiaohongshu.com/discovery/item/5aebe7c1aac7cb3c1c787c8e,https://www.xiaohongshu.com/discovery/item/5afac342278bd32b8431a706,https://www.xiaohongshu.com/discovery/item/5acf0a1e9374262e6fc24f99,https://www.xiaohongshu.com/discovery/item/5ad60bed14b84e0fb8d5e01b,https://www.xiaohongshu.com/discovery/item/5af9889614b84e6160c090af,https://www.xiaohongshu.com/discovery/item/5acdeb10eb00f332d5d97e78,https://www.xiaohongshu.com/discovery/item/5ad80c07c4463f19b78c6468,https://www.xiaohongshu.com/discovery/item/5addbe4d07ef1c238cf94bdf,https://www.xiaohongshu.com/discovery/item/5af016424df9834222b5f68f,https://www.xiaohongshu.com/discovery/item/5af178f66e889324063385b4,https://www.xiaohongshu.com/discovery/item/5b0ea2146e88937fa870fb66,https://www.xiaohongshu.com/discovery/item/5b3b170d07ef1c562767032e
582d96f06a6a694cc47308c3,https://www.xiaohongshu.com/discovery/item/5afad72c6b50753e3d3ddec7,https://www.xiaohongshu.com/discovery/item/5b2a14d114b84e1f5ae49f76,https://www.xiaohongshu.com/discovery/item/5af44bba278bd32b87316205,https://www.xiaohongshu.com/discovery/item/5aefdf1e4b8845555a32f290,https://www.xiaohongshu.com/discovery/item/5ae05c3b6b50753deb1437a5,https://www.xiaohongshu.com/discovery/item/5acb6d92304b14262af18e65,https://www.xiaohongshu.com/discovery/item/5acf47f06e889375856ed055,https://www.xiaohongshu.com/discovery/item/5adec301fb2a3672e2994886,https://www.xiaohongshu.com/discovery/item/5af29a99798e2b05736f92d5,https://www.xiaohongshu.com/discovery/item/5adc2923fb2a3620090ce148,https://www.xiaohongshu.com/discovery/item/5af2f1720c17b81b9d92bdc5,https://www.xiaohongshu.com/discovery/item/5b0944d2910cf62e279e1ef6,https://www.xiaohongshu.com/discovery/item/5b29cd8674da53488ee9db2b,https://www.xiaohongshu.com/discovery/item/5b28a5767ee0a918eb08e291,https://www.xiaohongshu.com/discovery/item/5b050d55304b14103ff90d3c,https://www.xiaohongshu.com/discovery/item/5af1012a6b50753e3d3d9b99,https://www.xiaohongshu.com/discovery/item/5b1221c54b8845749ec125b7,https://www.xiaohongshu.com/discovery/item/5b066c994df9837496ec5910,https://www.xiaohongshu.com/discovery/item/5b35e2f1672e1430d53840d8,https://www.xiaohongshu.com/discovery/item/5ae16751c4463f6a7b7c4bd2
574ebe0d82ec3959ea9521fc,https://www.xiaohongshu.com/discovery/item/5b2b4db0278bd36e28a44cb2,https://www.xiaohongshu.com/discovery/item/5b35da6d672e1430d139413c,https://www.xiaohongshu.com/discovery/item/5ad73043eb00f309549143c2,https://www.xiaohongshu.com/discovery/item/5ad0514274da5368c22ca9db,https://www.xiaohongshu.com/discovery/item/5b0a3a99278bd330474585c9,https://www.xiaohongshu.com/discovery/item/5adf2bf9798e2b05edf9ed0d,https://www.xiaohongshu.com/discovery/item/5acf3c5caac7cb177c3aab07,https://www.xiaohongshu.com/discovery/item/5adf1996304b145b22271d26,https://www.xiaohongshu.com/discovery/item/5afd52d307ef1c1c8d26eb63,https://www.xiaohongshu.com/discovery/item/5ad5c77c304b14017c67aa4b,https://www.xiaohongshu.com/discovery/item/5b0662cc937426781e0a66b1,https://www.xiaohongshu.com/discovery/item/5ae45c63eb00f35fce5a51eb,https://www.xiaohongshu.com/discovery/item/5af01642bc1c786dbaa9db13,https://www.xiaohongshu.com/discovery/item/5aec095feb00f35fd05a7701,https://www.xiaohongshu.com/discovery/item/5acb19f3910cf614313268a3,https://www.xiaohongshu.com/discovery/item/5ad4979a672e147ea72251a2,https://www.xiaohongshu.com/discovery/item/5b2a312f6e88936738acd5ae,https://www.xiaohongshu.com/discovery/item/5b11361f278bd354a853f077,https://www.xiaohongshu.com/discovery/item/5ae9be810c17b81b9a925f7e,https://www.xiaohongshu.com/discovery/item/5ad86628a7c9b862a934fd6c
56826634cb35fb7e671d6bfc,https://www.xiaohongshu.com/discovery/item/5ae2c5ea4b8845555c32ab56,https://www.xiaohongshu.com/discovery/item/5aeae3f707ef1c03d66fe3ef,https://www.xiaohongshu.com/discovery/item/5addd47a910cf653d70796dc,https://www.xiaohongshu.com/discovery/item/5b24e035672e146d1640f50a,https://www.xiaohongshu.com/discovery/item/5ae1d321c8e55d192a0ec1cf,https://www.xiaohongshu.com/discovery/item/5ad1d717c8e55d3e11827cbf,https://www.xiaohongshu.com/discovery/item/5af17f66910cf66342c318ca,https://www.xiaohongshu.com/discovery/item/5b3477e0672e1430d7388f01,https://www.xiaohongshu.com/discovery/item/5b1779d84df98362f90cf5e3,https://www.xiaohongshu.com/discovery/item/5b25d559937426018bec6da5,https://www.xiaohongshu.com/discovery/item/5adf215ac8e55d1ab3b4cfc5,https://www.xiaohongshu.com/discovery/item/5b29ede2937426018becb7c8,https://www.xiaohongshu.com/discovery/item/5b1a3c35c4463f0e03255dc4,https://www.xiaohongshu.com/discovery/item/5adc7f226b50756a985bf2b0,https://www.xiaohongshu.com/discovery/item/5ad095727ee0a92e965c46b0,https://www.xiaohongshu.com/discovery/item/5b3b04e2672e1430db3a9b14,https://www.xiaohongshu.com/discovery/item/5b1b93c20c17b845314d566b,https://www.xiaohongshu.com/discovery/item/5ad9c681278bd354d48fdb08,https://www.xiaohongshu.com/discovery/item/5b20da13910cf617f093699b,https://www.xiaohongshu.com/discovery/item/5b27c31474da53488fe9bd00
52d8c541b4c4d60e6c867480,https://www.xiaohongshu.com/discovery/item/5afbd501c4463f6a907d02cf,https://www.xiaohongshu.com/discovery/item/5ad053794b884528da5ebad8,https://www.xiaohongshu.com/discovery/item/5b3c868f910cf64bfc4e0054,https://www.xiaohongshu.com/discovery/item/5b404f27672e1417e2f65810,https://www.xiaohongshu.com/discovery/item/5b1539d1672e144f39a3a873,https://www.xiaohongshu.com/discovery/item/5b0fb177c8e55d7210f5a9ed,https://www.xiaohongshu.com/discovery/item/5b29fa13278bd36e2fa49829,https://www.xiaohongshu.com/discovery/item/5b121bd2672e144f2ea3a341,https://www.xiaohongshu.com/discovery/item/5b00dc9b14b84e5149a549b0,https://www.xiaohongshu.com/discovery/item/5afe7bb2c4463f5c2ef8a979,https://www.xiaohongshu.com/discovery/item/5af3b8f94df9834231b62284,https://www.xiaohongshu.com/discovery/item/5b41c45f910cf65c1dd5ce3e,https://www.xiaohongshu.com/discovery/item/5b02b89226c62422ef14ceec,https://www.xiaohongshu.com/discovery/item/5adac1986e88934b2a76bf62,https://www.xiaohongshu.com/discovery/item/5b0648784df9837496ec570c,https://www.xiaohongshu.com/discovery/item/5b07b40f74da530cd84f0c38,https://www.xiaohongshu.com/discovery/item/5b0a1cc5a7c9b8456fe5bea9,https://www.xiaohongshu.com/discovery/item/5b0b8fdd6b50753d3edd53ec,https://www.xiaohongshu.com/discovery/item/5b0d21fa26c62425ccc9be2f,https://www.xiaohongshu.com/discovery/item/5acb027ca7c9b87af4b323ac
5a94c39ce8ac2b1a31e83e10,https://www.xiaohongshu.com/discovery/item/5af409d1278bd32b86317680,https://www.xiaohongshu.com/discovery/item/5af7efd90c17b81b9d92dcb3,https://www.xiaohongshu.com/discovery/item/5affce516b50752c8aa7b139,https://www.xiaohongshu.com/discovery/item/5adf31d3aac7cb3cd832c67a,https://www.xiaohongshu.com/discovery/item/5b24935f9374260196ec59cf,https://www.xiaohongshu.com/discovery/item/5b239ccaaac7cb76ab041529,https://www.xiaohongshu.com/discovery/item/5b025ad5eb00f34f5edebf38,https://www.xiaohongshu.com/discovery/item/5b3a282207ef1c562766b9be,https://www.xiaohongshu.com/discovery/item/5b07d612304b145a935ab5cd,https://www.xiaohongshu.com/discovery/item/5af2e117eb00f35fd05aa264,https://www.xiaohongshu.com/discovery/item/5accb5b014b84e70efa1d9b0,https://www.xiaohongshu.com/discovery/item/5b17c80d7ee0a97c5be5ca23,https://www.xiaohongshu.com/discovery/item/5aeaea32937426496b76bcda,https://www.xiaohongshu.com/discovery/item/5afe999d672e142c3af3eb9c,https://www.xiaohongshu.com/discovery/item/5b0e5bf4798e2b0590d5bbfd,https://www.xiaohongshu.com/discovery/item/5b011c354b884544d1ec79e8,https://www.xiaohongshu.com/discovery/item/5b21163093742619324ab116,https://www.xiaohongshu.com/discovery/item/5b2726410c17b85bf47ecd7f,https://www.xiaohongshu.com/discovery/item/5adb2aefeb00f3095191a444,https://www.xiaohongshu.com/discovery/item/5b3b5fae910cf641b85c4471
58d0f56c6a6a696d5b2bde03,https://www.xiaohongshu.com/discovery/item/5aeaf772aac7cb3c1d7868a8,https://www.xiaohongshu.com/discovery/item/5ad5b5e493742669157ed311,https://www.xiaohongshu.com/discovery/item/5af04810798e2b05736f88a1,https://www.xiaohongshu.com/discovery/item/5acecd1da7c9b80a2bdfa027,https://www.xiaohongshu.com/discovery/item/5ace07ff9374262e6dc24f70,https://www.xiaohongshu.com/discovery/item/5ad47c8a14b84e0fb8d5cab8,https://www.xiaohongshu.com/discovery/item/5ad46eefbc1c78339aa0d551,https://www.xiaohongshu.com/discovery/item/5ae7d55507ef1c03e26fe4a9,https://www.xiaohongshu.com/discovery/item/5ad839b5bc1c783384a08fbf,https://www.xiaohongshu.com/discovery/item/5afaa0624df98341feb5beec,https://www.xiaohongshu.com/discovery/item/5ae054646e8893253aee2e68,https://www.xiaohongshu.com/discovery/item/5accab0a6e88932870802991,https://www.xiaohongshu.com/discovery/item/5ad05e5507ef1c6fb3b517c6,https://www.xiaohongshu.com/discovery/item/5acb4f65aac7cb0adbfedf74,https://www.xiaohongshu.com/discovery/item/5ae42ed6eb00f35fd15a5575,https://www.xiaohongshu.com/discovery/item/5acaf32abc1c78059d1332df,https://www.xiaohongshu.com/discovery/item/5ae55e9074da530a80930c2e,https://www.xiaohongshu.com/discovery/item/5ad45eb9a7c9b862b334e494,https://www.xiaohongshu.com/discovery/item/5ad99b086b50756a9e5be628,https://www.xiaohongshu.com/discovery/item/5b40a921672e1417e1f65871
56ba927750c4b478072c1e80,https://www.xiaohongshu.com/discovery/item/5b22427a74da534e4cc8988a,https://www.xiaohongshu.com/discovery/item/5b3c62be07ef1c4c97cb1c5a,https://www.xiaohongshu.com/discovery/item/5ad6b9e6c8e55d3e1182910b,https://www.xiaohongshu.com/discovery/item/5ad857da26c624525b159336,https://www.xiaohongshu.com/discovery/item/5ae983c4a7c9b83dcbda7c13,https://www.xiaohongshu.com/discovery/item/5ae6a97e278bd32b84315c92,https://www.xiaohongshu.com/discovery/item/5aec5954c8e55d192a0eda9d,https://www.xiaohongshu.com/discovery/item/5adb333914b84e0fbcd5cc49,https://www.xiaohongshu.com/discovery/item/5af3ff7e07ef1c03d06fd17a,https://www.xiaohongshu.com/discovery/item/5b2f0b36910cf67e723be9cc,https://www.xiaohongshu.com/discovery/item/5ad186ef74da533a3c2cca84,https://www.xiaohongshu.com/discovery/item/5afa2907937426496b770f0c,https://www.xiaohongshu.com/discovery/item/5ae1ab746b50753e353d2ff4,https://www.xiaohongshu.com/discovery/item/5b2f880507ef1c1d10435406,https://www.xiaohongshu.com/discovery/item/5b408be0672e1417e2f66ec0,https://www.xiaohongshu.com/discovery/item/5b28d182278bd36e2fa46e2e,https://www.xiaohongshu.com/discovery/item/5adf03ff672e14559a0e6f6b,https://www.xiaohongshu.com/discovery/item/5b092b367ee0a957c00dab0b,https://www.xiaohongshu.com/discovery/item/5acc7ab2304b1467c29c6395,https://www.xiaohongshu.com/discovery/item/5ad48bb8a7c9b862b334e69a
57e73e7f5e87e734c2209530,https://www.xiaohongshu.com/discovery/item/5b35ef2e07ef1c562867da6c,https://www.xiaohongshu.com/discovery/item/5b3a2df9672e1430db3a8395,https://www.xiaohongshu.com/discovery/item/5ad4c43a798e2b35a95f7b56,https://www.xiaohongshu.com/discovery/item/5acb67b2eb00f31e173929f0,https://www.xiaohongshu.com/discovery/item/5b371f3107ef1c562868751f,https://www.xiaohongshu.com/discovery/item/5b2909797ee0a918eb08ecd5,https://www.xiaohongshu.com/discovery/item/5af065eea7c9b83dc7daaf66,https://www.xiaohongshu.com/discovery/item/5accd98c07ef1c2dee81b42b,https://www.xiaohongshu.com/discovery/item/5afc1745c8e55d195e0f8309,https://www.xiaohongshu.com/discovery/item/5af97d350c17b81b86925ea7,https://www.xiaohongshu.com/discovery/item/5addccf393742668fa581316,https://www.xiaohongshu.com/discovery/item/5b3c5196672e1408a7e991ab,https://www.xiaohongshu.com/discovery/item/5b2e51d2910cf67e513c0de6,https://www.xiaohongshu.com/discovery/item/5b3df39e672e1408b0e9eb98,https://www.xiaohongshu.com/discovery/item/5b3764ff07ef1c562667664e,https://www.xiaohongshu.com/discovery/item/5af590690c17b81bb8929f01,https://www.xiaohongshu.com/discovery/item/5b20922f910cf617f0936166,https://www.xiaohongshu.com/discovery/item/5ad47edbc8e55d3e108289f4,https://www.xiaohongshu.com/discovery/item/5b2534c76e88936731acb4f2,https://www.xiaohongshu.com/discovery/item/5b3f44bf07ef1c7c90dbb5a7
587f16f55e87e7535ee15896,https://www.xiaohongshu.com/discovery/item/5ae1de34aac7cb3c1c784831,https://www.xiaohongshu.com/discovery/item/5ad4557f6b50756a975ba5af,https://www.xiaohongshu.com/discovery/item/5acde1d0bc1c785a3e2d21c4,https://www.xiaohongshu.com/discovery/item/5adf1055eb00f36112b5c35d,https://www.xiaohongshu.com/discovery/item/5acdf66c74da5368c22ca2d9,https://www.xiaohongshu.com/discovery/item/5b3b6175910cf641bb5c4550,https://www.xiaohongshu.com/discovery/item/5acdf289bc1c785a302d2254,https://www.xiaohongshu.com/discovery/item/5b1e3337798e2b296040c903,https://www.xiaohongshu.com/discovery/item/5acf2c0d6e889375826edbee,https://www.xiaohongshu.com/discovery/item/5ad06fe84b884528e75e984d,https://www.xiaohongshu.com/discovery/item/5b1a4a1ac8e55d3a2decc01f,https://www.xiaohongshu.com/discovery/item/5afe4ec46b50752c87a7b57a,https://www.xiaohongshu.com/discovery/item/5b22264e910cf617eb9380dd,https://www.xiaohongshu.com/discovery/item/5b07c67d6b50753d3edd2f4d,https://www.xiaohongshu.com/discovery/item/5acda8c00c17b82fc23353d9,https://www.xiaohongshu.com/discovery/item/5b3f167207ef1c7c89db929f,https://www.xiaohongshu.com/discovery/item/5b3dffdb07ef1c4c97cb981a,https://www.xiaohongshu.com/discovery/item/5b03f4b3fb2a3629e6c0775c,https://www.xiaohongshu.com/discovery/item/5b264e919374260197ec776c,https://www.xiaohongshu.com/discovery/item/5ad86bcb7ee0a9024d2641b0
59f824e211be1011aa2e3c2f,https://www.xiaohongshu.com/discovery/item/5ad466ed26c6245261156814,https://www.xiaohongshu.com/discovery/item/5b148c439374267df05d93ce,https://www.xiaohongshu.com/discovery/item/5ad6bf41fb2a3620140ccf6f,https://www.xiaohongshu.com/discovery/item/5b17757ec4463f0e042581a0,https://www.xiaohongshu.com/discovery/item/5afcf5d8798e2b05756fddd9,https://www.xiaohongshu.com/discovery/item/5b06b5196b50753d3edd2083,https://www.xiaohongshu.com/discovery/item/5ad852f1eb00f3094b915788,https://www.xiaohongshu.com/discovery/item/5aea87a6aac7cb3c1c787632,https://www.xiaohongshu.com/discovery/item/5b016512aac7cb2b2e924604,https://www.xiaohongshu.com/discovery/item/5ae157b593742641baa3dc3c,https://www.xiaohongshu.com/discovery/item/5b2254ae14b84e2353fce015,https://www.xiaohongshu.com/discovery/item/5b0f711c9374264204c965b8,https://www.xiaohongshu.com/discovery/item/5b027f54eb00f35d24a8222d,https://www.xiaohongshu.com/discovery/item/5b2366cf672e1445ce05a748,https://www.xiaohongshu.com/discovery/item/5b3e29db910cf64c094e197d,https://www.xiaohongshu.com/discovery/item/5b0b9a884df983402cf425bf,https://www.xiaohongshu.com/discovery/item/5affd060937426610dde9fb7
56efea6b4775a7043079b390,https://www.xiaohongshu.com/discovery/item/5adf2b309374266907581c8f,https://www.xiaohongshu.com/discovery/item/5b3ee33b910cf64c014e1f1f,https://www.xiaohongshu.com/discovery/item/5af2d4406e8893241133d458,https://www.xiaohongshu.com/discovery/item/5ae1b244798e2b05736f72ed,https://www.xiaohongshu.com/discovery/item/5b3771f107ef1c561a6714eb,https://www.xiaohongshu.com/discovery/item/5b029e0fc8e55d1877916b1b,https://www.xiaohongshu.com/discovery/item/5ad2e328798e2b35b15f7a7f,https://www.xiaohongshu.com/discovery/item/5b06a1237ee0a957c40d9e45,https://www.xiaohongshu.com/discovery/item/5ae00a1a7ee0a951e5e1ac11,https://www.xiaohongshu.com/discovery/item/5ae3080d0c17b81bb59254e8,https://www.xiaohongshu.com/discovery/item/5ae85b974b8845555432c47c,https://www.xiaohongshu.com/discovery/item/5ad9665b74da533a4d2cec25,https://www.xiaohongshu.com/discovery/item/5add4eccc4463f19ac8c6642,https://www.xiaohongshu.com/discovery/item/5acec86a672e146476d64d09,https://www.xiaohongshu.com/discovery/item/5b12950326c62449154e9827,https://www.xiaohongshu.com/discovery/item/5aed24844b8845555432e02d,https://www.xiaohongshu.com/discovery/item/5ae6aee4aac7cb3c15785602,https://www.xiaohongshu.com/discovery/item/5b39984d07ef1c560366cfdb,https://www.xiaohongshu.com/discovery/item/5afed10a672e142c33f3eed8,https://www.xiaohongshu.com/discovery/item/5afbcffa6e8893241033c619
5a747a7ce8ac2b215c98d8ef,https://www.xiaohongshu.com/discovery/item/5b114ad6c8e55d3a43ecc425,https://www.xiaohongshu.com/discovery/item/5afc253d278bd32b8431b17a,https://www.xiaohongshu.com/discovery/item/5b21f8f807ef1c5b7304b523,https://www.xiaohongshu.com/discovery/item/5b3cc4ce672e1408b0e9a678,https://www.xiaohongshu.com/discovery/item/5ad731e76b50756aac5bc305,https://www.xiaohongshu.com/discovery/item/5ae48ac54df9834231b5ba65,https://www.xiaohongshu.com/discovery/item/5b13bef7a7c9b86517388d72,https://www.xiaohongshu.com/discovery/item/5b337b33910cf6672db00b4e,https://www.xiaohongshu.com/discovery/item/5b1e729a278bd354a6542fbc,https://www.xiaohongshu.com/discovery/item/5b0e0f9c14b84e63db028f52,https://www.xiaohongshu.com/discovery/item/5b1f917b910cf61ebcdc9e06,https://www.xiaohongshu.com/discovery/item/5ace06f40c17b876c82a8076,https://www.xiaohongshu.com/discovery/item/5ae6a681672e146fd9705106,https://www.xiaohongshu.com/discovery/item/5ae5b61b0c17b81b9a925266,https://www.xiaohongshu.com/discovery/item/5b2b6f06910cf63f2140acec,https://www.xiaohongshu.com/discovery/item/5acaf2e2bc1c7805c3136306,https://www.xiaohongshu.com/discovery/item/5ad8acd907ef1c2b8bd59af6,https://www.xiaohongshu.com/discovery/item/5b2dc9bb910cf67e513be889,https://www.xiaohongshu.com/discovery/item/5acf44c4bc1c785a1e2d4569,https://www.xiaohongshu.com/discovery/item/5af42c9807ef1c03e47024cb
56e4327a1c07df26fc9bb08f,https://www.xiaohongshu.com/discovery/item/5ad1b18d07ef1c2b92d58ac8,https://www.xiaohongshu.com/discovery/item/5ae53f684df9834216b5b2c4,https://www.xiaohongshu.com/discovery/item/5adae0b36e88934b2376c070,https://www.xiaohongshu.com/discovery/item/5b348ee707ef1c56266692fc,https://www.xiaohongshu.com/discovery/item/5ae6d9137ee0a950c6a98ef9,https://www.xiaohongshu.com/discovery/item/5b398d64910cf66734b12f50,https://www.xiaohongshu.com/discovery/item/5af8610d6e8893240633a183,https://www.xiaohongshu.com/discovery/item/5ad5ce577ee0a9024525fcf9,https://www.xiaohongshu.com/discovery/item/5b351231910cf66736b0531c,https://www.xiaohongshu.com/discovery/item/5af051e814b84e6165c0b832,https://www.xiaohongshu.com/discovery/item/5af3d22c4b884555573306a5,https://www.xiaohongshu.com/discovery/item/5ad8b3fa14b84e0fbbd5c92b,https://www.xiaohongshu.com/discovery/item/5ad158304df9830fba537dc3,https://www.xiaohongshu.com/discovery/item/5b370e2a672e1430d5384f70,https://www.xiaohongshu.com/discovery/item/5ad2b96314b84e0fb9d5a61c,https://www.xiaohongshu.com/discovery/item/5afd4547aac7cb2b2d922acb,https://www.xiaohongshu.com/discovery/item/5ad5cdb4798e2b35ad5f7a0a,https://www.xiaohongshu.com/discovery/item/5af957766e8893240833bd53,https://www.xiaohongshu.com/discovery/item/5ae43492937426496e76b32c,https://www.xiaohongshu.com/discovery/item/5b0d08c8910cf62e289e4afa
57f4954250c4b43670a73ca8,https://www.xiaohongshu.com/discovery/item/5acd91a807ef1c2dee81bfd1,https://www.xiaohongshu.com/discovery/item/5addc3c27ee0a951ece1a9f0,https://www.xiaohongshu.com/discovery/item/5ae31ef626c62425b7beafc9,https://www.xiaohongshu.com/discovery/item/5b2cd6f1672e1447e47e6e3a,https://www.xiaohongshu.com/discovery/item/5af38ba174da530a80935035,https://www.xiaohongshu.com/discovery/item/5af2dbf7c4463f6a907cc55a,https://www.xiaohongshu.com/discovery/item/5aeee83e798e2b058b6f750f,https://www.xiaohongshu.com/discovery/item/5accbf8d6e8893286e803213,https://www.xiaohongshu.com/discovery/item/5ae07d8526c62426e3125028,https://www.xiaohongshu.com/discovery/item/5aca403474da5361c7288225,https://www.xiaohongshu.com/discovery/item/5b35bdf4910cf66734aff59f,https://www.xiaohongshu.com/discovery/item/5aec5c42278bd32b86316320,https://www.xiaohongshu.com/discovery/item/5b1fb486672e144f3fa3c616,https://www.xiaohongshu.com/discovery/item/5b24b614aac7cb70ef60df01,https://www.xiaohongshu.com/discovery/item/5af5820e672e146fda70b107,https://www.xiaohongshu.com/discovery/item/5aeaf72d07ef1c03e270004a,https://www.xiaohongshu.com/discovery/item/5ad708a9672e147eb1226cdb,https://www.xiaohongshu.com/discovery/item/5ad5e520eb00f309549141bb,https://www.xiaohongshu.com/discovery/item/5af03d3faac7cb3c17787ec0,https://www.xiaohongshu.com/discovery/item/5ae1b84ebc1c786dada9895c
5afc258d11be1066943eec6a,https://www.xiaohongshu.com/discovery/item/5b12574afb2a36184b7bd1d8,https://www.xiaohongshu.com/discovery/item/5b2342a1672e1445ce05a3e0,https://www.xiaohongshu.com/discovery/item/5b0d17b24df9834025f467f3,https://www.xiaohongshu.com/discovery/item/5b2a16aa278bd36e2fa49e75,https://www.xiaohongshu.com/discovery/item/5b18f0080c17b845264c9447,https://www.xiaohongshu.com/discovery/item/5b3203dd07ef1c561b664d19,https://www.xiaohongshu.com/discovery/item/5b3cc660910cf64c054e0c17,https://www.xiaohongshu.com/discovery/item/5afff818304b1449a863a5a5,https://www.xiaohongshu.com/discovery/item/5b04e367910cf61126543ac9,https://www.xiaohongshu.com/discovery/item/5b08d61b6b50753d46dd2595,https://www.xiaohongshu.com/discovery/item/5afe9dc00c17b80dd7d7c7ad
557385d567bc65400f3a52fd,https://www.xiaohongshu.com/discovery/item/5b0a4eca14b84e63ef028c1f,https://www.xiaohongshu.com/discovery/item/5ad189374b88457ef645d4cf,https://www.xiaohongshu.com/discovery/item/5adcb3006b50756a925bbf55,https://www.xiaohongshu.com/discovery/item/5aee791dc4463f6a887c61c4,https://www.xiaohongshu.com/discovery/item/5b337c64672e1430c53895df,https://www.xiaohongshu.com/discovery/item/5ad0a1cd0c17b876c92a8f4f,https://www.xiaohongshu.com/discovery/item/5b2f745f672e1447e47efe35,https://www.xiaohongshu.com/discovery/item/5b038acf910cf6111f5429e3,https://www.xiaohongshu.com/discovery/item/5acb32f9910cf614253323dc,https://www.xiaohongshu.com/discovery/item/5af9451e4df983422eb62351,https://www.xiaohongshu.com/discovery/item/5b278a34aac7cb70ef610e59,https://www.xiaohongshu.com/discovery/item/5afbd991278bd32b88317797,https://www.xiaohongshu.com/discovery/item/5ad68d86c4463f19ba8c6d53,https://www.xiaohongshu.com/discovery/item/5ad8125a14b84e0fbbd5c3a9,https://www.xiaohongshu.com/discovery/item/5ad9e2fe910cf64bfbce6772,https://www.xiaohongshu.com/discovery/item/5ae59397eb00f35fce5a57cb,https://www.xiaohongshu.com/discovery/item/5aed8ace7ee0a950bda99e17,https://www.xiaohongshu.com/discovery/item/5add3ba214b84e0fb9d5e75d,https://www.xiaohongshu.com/discovery/item/5ad061ab0c17b876c72a8179,https://www.xiaohongshu.com/discovery/item/5ad417314b88457ef645e313
57b4421450c4b416b711f415,https://www.xiaohongshu.com/discovery/item/5aed59cbc8e55d192e0ee14e,https://www.xiaohongshu.com/discovery/item/5ae48122910cf66348c2deb2,https://www.xiaohongshu.com/discovery/item/5b2a19be672e146562ad4277,https://www.xiaohongshu.com/discovery/item/5b321776672e1430d7384d0e,https://www.xiaohongshu.com/discovery/item/5acf48dc74da5368b82cacc4,https://www.xiaohongshu.com/discovery/item/5b34990c910cf66736b018f0,https://www.xiaohongshu.com/discovery/item/5ad9c6cda7c9b862aa354cbe,https://www.xiaohongshu.com/discovery/item/5ad784660c17b84b2b643ec2,https://www.xiaohongshu.com/discovery/item/5af2dbe87ee0a950bfa9807f,https://www.xiaohongshu.com/discovery/item/5af43101eb00f35fcb5aa4e1,https://www.xiaohongshu.com/discovery/item/5aeb1707fb2a3671b0bbefa6,https://www.xiaohongshu.com/discovery/item/5ad0afa0278bd37f5aec371d,https://www.xiaohongshu.com/discovery/item/5ae283ed7ee0a950bea970c1,https://www.xiaohongshu.com/discovery/item/5ae147e2a7c9b82837f35b77,https://www.xiaohongshu.com/discovery/item/5adc937314b84e0fb9d5e458,https://www.xiaohongshu.com/discovery/item/5afac71f74da530a8093775f,https://www.xiaohongshu.com/discovery/item/5b2cc4ee07ef1c743a82d80f,https://www.xiaohongshu.com/discovery/item/5b38ca6407ef1c5628698fc6,https://www.xiaohongshu.com/discovery/item/5ad1d8c36e88934b28769613,https://www.xiaohongshu.com/discovery/item/5addca5d910cf653da07926b
5abb15dd4eacab6fbea4d384,https://www.xiaohongshu.com/discovery/item/5acda8bd14b84e70eaa1dd1d,https://www.xiaohongshu.com/discovery/item/5acb7cc5aac7cb0ad8fe4606,https://www.xiaohongshu.com/discovery/item/5ada2372c4463f19ba8c7c7a,https://www.xiaohongshu.com/discovery/item/5ad67ba8bc1c783380a0bc5d,https://www.xiaohongshu.com/discovery/item/5ad05c7c6b507518a42c9f68,https://www.xiaohongshu.com/discovery/item/5ae0522bc4463f6b9783284c,https://www.xiaohongshu.com/discovery/item/5ae9a84526c62425dabee5fb,https://www.xiaohongshu.com/discovery/item/5ad318c8304b14017c67a3ac,https://www.xiaohongshu.com/discovery/item/5b026522910cf66fa80af167,https://www.xiaohongshu.com/discovery/item/5ad1c466bc1c783380a0930a,https://www.xiaohongshu.com/discovery/item/5ae5670e0c17b81b9a925024,https://www.xiaohongshu.com/discovery/item/5b3da2e707ef1c4c97cb52a9,https://www.xiaohongshu.com/discovery/item/5acf70d94b884528e65eb932,https://www.xiaohongshu.com/discovery/item/5aeedd860c17b81b8692553d,https://www.xiaohongshu.com/discovery/item/5b2b3b376e88936733aca2c7,https://www.xiaohongshu.com/discovery/item/5b0a502d4b884554da0a9fc8,https://www.xiaohongshu.com/discovery/item/5af5c533aac7cb3c1f785cbc,https://www.xiaohongshu.com/discovery/item/5b21e9bb910cf617ef937c6d,https://www.xiaohongshu.com/discovery/item/5b00555a304b14499f63a1b1,https://www.xiaohongshu.com/discovery/item/5b1cee35798e2b295f40db75
5a333bf24eacab21a336ede2,https://www.xiaohongshu.com/discovery/item/5ace015374da5368ad2ca2b9,https://www.xiaohongshu.com/discovery/item/5ae5bb0114b84e6162c076f3,https://www.xiaohongshu.com/discovery/item/5b212397937426192b4ab00e,https://www.xiaohongshu.com/discovery/item/5aeda65b7ee0a950c3a9adde,https://www.xiaohongshu.com/discovery/item/5adf21890c17b81c77566764,https://www.xiaohongshu.com/discovery/item/5ae1a63e910cf66343c2cc8c,https://www.xiaohongshu.com/discovery/item/5b2b912607ef1c4194cfeb06,https://www.xiaohongshu.com/discovery/item/5af97bfcfb2a3671bcbbe711,https://www.xiaohongshu.com/discovery/item/5b112ef5910cf61ebcdba131,https://www.xiaohongshu.com/discovery/item/5b051406278bd363d559e2d3,https://www.xiaohongshu.com/discovery/item/5b0bc7264df983402cf429b5,https://www.xiaohongshu.com/discovery/item/5b1e50a54b8845749fc19a2d,https://www.xiaohongshu.com/discovery/item/5b407f7007ef1c7c90dbdb00,https://www.xiaohongshu.com/discovery/item/5b17c254278bd3549e5413d1
5406935db4c4d61f895aded2,https://www.xiaohongshu.com/discovery/item/5af2f0c807ef1c03d16fdd35,https://www.xiaohongshu.com/discovery/item/5acdf7edaac7cb17773aa501,https://www.xiaohongshu.com/discovery/item/5b0a6c56c4463f6e1dddd78c,https://www.xiaohongshu.com/discovery/item/5b113009798e2b2964407aae,https://www.xiaohongshu.com/discovery/item/5b168672fb2a36184b7c2e70,https://www.xiaohongshu.com/discovery/item/5b14f98faac7cb59f831e7fc,https://www.xiaohongshu.com/discovery/item/5b18f61ba7c9b8651738c37b,https://www.xiaohongshu.com/discovery/item/5b1e2e44672e144f3fa3a79c,https://www.xiaohongshu.com/discovery/item/5b1ba52a14b84e078c61e069,https://www.xiaohongshu.com/discovery/item/5ad189eaeb00f3094b91393a,https://www.xiaohongshu.com/discovery/item/5b378055910cf6672ab0540f,https://www.xiaohongshu.com/discovery/item/5b17735f6e8893489cedb706,https://www.xiaohongshu.com/discovery/item/5b0559da6e88935c06993abc,https://www.xiaohongshu.com/discovery/item/5b078a4c672e1462f4ec9c7e,https://www.xiaohongshu.com/discovery/item/5b2a47b974da534887e9f41b,https://www.xiaohongshu.com/discovery/item/5b1f5a9fbc1c784d4a85a946,https://www.xiaohongshu.com/discovery/item/5b0d43276b50753d46dd4ca1,https://www.xiaohongshu.com/discovery/item/5b2f9e0f910cf67e723c12f9,https://www.xiaohongshu.com/discovery/item/5b251098937426018bec643e
53d39b5bb4c4d6733971ae73,https://www.xiaohongshu.com/discovery/item/5adc84057ee0a90248261924,https://www.xiaohongshu.com/discovery/item/5accafc4910cf66e94a789b2,https://www.xiaohongshu.com/discovery/item/5b3370e5672e1430db38d938,https://www.xiaohongshu.com/discovery/item/5b210bcf672e1445cf057e7f,https://www.xiaohongshu.com/discovery/item/5b2cef5907ef1c1d0141fb6f,https://www.xiaohongshu.com/discovery/item/5b34e737672e1430db396af2,https://www.xiaohongshu.com/discovery/item/5af97addfb2a3671b5bc532d,https://www.xiaohongshu.com/discovery/item/5afd02c1c4463f6a8b7cc17d,https://www.xiaohongshu.com/discovery/item/5addd7cf278bd32cea519c3a,https://www.xiaohongshu.com/discovery/item/5b1bd01c4df983630f0d543b,https://www.xiaohongshu.com/discovery/item/5b3a0ee4672e1430d13a1caa,https://www.xiaohongshu.com/discovery/item/5b1e5dc7798e2b295f40e8d2,https://www.xiaohongshu.com/discovery/item/5b21ecad6e889366e03984bd,https://www.xiaohongshu.com/discovery/item/5b0be8bf672e1462f4ecda37,https://www.xiaohongshu.com/discovery/item/5ae1d8af6b50753e6c3d334e,https://www.xiaohongshu.com/discovery/item/5affbabb74da537a6f555b3c,https://www.xiaohongshu.com/discovery/item/5b2a1bb87ee0a918ef08f555,https://www.xiaohongshu.com/discovery/item/5af3089fbc1c786dafa9d8c6,https://www.xiaohongshu.com/discovery/item/5af43b97aac7cb3c1a78a3d4,https://www.xiaohongshu.com/discovery/item/5aeea50826c62425b6bef66e
5703622f4775a71a25c9c811,https://www.xiaohongshu.com/discovery/item/5b165e19c4463f0e082571a5,https://www.xiaohongshu.com/discovery/item/5addab294b884556669c9334,https://www.xiaohongshu.com/discovery/item/5ae47da6c4463f6a897c53a2,https://www.xiaohongshu.com/discovery/item/5acb428a0c17b86804a685d8,https://www.xiaohongshu.com/discovery/item/5af56cbdeb00f35fcb5ab11d,https://www.xiaohongshu.com/discovery/item/5adec3c2c4463f6ba3832eb9,https://www.xiaohongshu.com/discovery/item/5b058a746e88935bfa993b82,https://www.xiaohongshu.com/discovery/item/5ad09452aac7cb177f3aacf5,https://www.xiaohongshu.com/discovery/item/5b2f7abe910cf67e693ca5ee,https://www.xiaohongshu.com/discovery/item/5ae2e679eb00f35fd65a4a3d,https://www.xiaohongshu.com/discovery/item/5ad6c9bb6e88934b2a76a768,https://www.xiaohongshu.com/discovery/item/5b24b2e36e8893672dac8d5a,https://www.xiaohongshu.com/discovery/item/5af8178c93742649707747b5,https://www.xiaohongshu.com/discovery/item/5ae827de937426497076d575,https://www.xiaohongshu.com/discovery/item/5b02ac7b937426450c15bf5e,https://www.xiaohongshu.com/discovery/item/5ae42bd7937426496d76a6b6,https://www.xiaohongshu.com/discovery/item/5af184a0910cf66348c31720,https://www.xiaohongshu.com/discovery/item/5b406775910cf65c1ad5745a,https://www.xiaohongshu.com/discovery/item/5addba8e26c62426e1123fdb,https://www.xiaohongshu.com/discovery/item/5af45df9c4463f6a867c6619
5329d789b4c4d61dde963ab8,https://www.xiaohongshu.com/discovery/item/5b065ceaa7c9b877a695971b,https://www.xiaohongshu.com/discovery/item/5b0fc37c6e8893301afabf17,https://www.xiaohongshu.com/discovery/item/5ad8769926c6245260156667,https://www.xiaohongshu.com/discovery/item/5acff94aa7c9b80a3fdfc47b,https://www.xiaohongshu.com/discovery/item/5b0a6970910cf62e249e3186,https://www.xiaohongshu.com/discovery/item/5ae29f8fa7c9b83dcada6013,https://www.xiaohongshu.com/discovery/item/5b092911798e2b05a0d59327,https://www.xiaohongshu.com/discovery/item/5afeb5790c17b80dcbd7cf9a,https://www.xiaohongshu.com/discovery/item/5b01545514b84e5141a552df,https://www.xiaohongshu.com/discovery/item/5adf1b59278bd32ce5519a04,https://www.xiaohongshu.com/discovery/item/5ad5d8590c17b84b4064391d,https://www.xiaohongshu.com/discovery/item/5b13cc7126c62449064eb14f,https://www.xiaohongshu.com/discovery/item/5b17c1a36e88934898edb5c7,https://www.xiaohongshu.com/discovery/item/5acdec546e889375826ecc0d,https://www.xiaohongshu.com/discovery/item/5b0bdbc807ef1c65087305ba,https://www.xiaohongshu.com/discovery/item/5b3370fa910cf66736aff8d5,https://www.xiaohongshu.com/discovery/item/5b1aa30c910cf61ebcdc4495,https://www.xiaohongshu.com/discovery/item/5ae9a6e8bc1c786d9ea99f01,https://www.xiaohongshu.com/discovery/item/5b1255f1304b147bcd886b19,https://www.xiaohongshu.com/discovery/item/5b2799f2aac7cb70eb614dfe
56591271e4251d32e78af3af,https://www.xiaohongshu.com/discovery/item/5b224e6014b84e2353fcdf08,https://www.xiaohongshu.com/discovery/item/5b20ec8214b84e235dfcafbb,https://www.xiaohongshu.com/discovery/item/5b2cc188672e147a7c605e34,https://www.xiaohongshu.com/discovery/item/5ae061a2c8e55d1ae4b4db62,https://www.xiaohongshu.com/discovery/item/5b39a19f672e1430db3a38a9,https://www.xiaohongshu.com/discovery/item/5b1b8a2e9374267dbd5db8cc,https://www.xiaohongshu.com/discovery/item/5b2b7c5693742610c095702c,https://www.xiaohongshu.com/discovery/item/5af97898fb2a3671b0bc3e53,https://www.xiaohongshu.com/discovery/item/5b363646672e1430dd3868d8,https://www.xiaohongshu.com/discovery/item/5b35ef28910cf66734b00a79,https://www.xiaohongshu.com/discovery/item/5b34850307ef1c5604668e23,https://www.xiaohongshu.com/discovery/item/5b34555d672e1430c538b31f,https://www.xiaohongshu.com/discovery/item/5ae3e454c8e55d19200ec10a,https://www.xiaohongshu.com/discovery/item/5b21c2d66e889366e0398099,https://www.xiaohongshu.com/discovery/item/5aee957d07ef1c03d16fd504,https://www.xiaohongshu.com/discovery/item/5ae07d56672e14559d0e68a7,https://www.xiaohongshu.com/discovery/item/5af18ac5937426496176a648,https://www.xiaohongshu.com/discovery/item/5ae555024df9834222b5b63f,https://www.xiaohongshu.com/discovery/item/5b2eec1b910cf67e693c55e2,https://www.xiaohongshu.com/discovery/item/5b3dd817672e1408b0e9da88
56bc14656a6a690d2cb64ba3,https://www.xiaohongshu.com/discovery/item/5acc34fe9374266c1816aaeb,https://www.xiaohongshu.com/discovery/item/5b3195a7910cf67e6b3c6860,https://www.xiaohongshu.com/discovery/item/5b151ffc278bd354a253f397,https://www.xiaohongshu.com/discovery/item/5af7bd67672e146fd9707a07,https://www.xiaohongshu.com/discovery/item/5ae7eaf074da530a80931784,https://www.xiaohongshu.com/discovery/item/5b1001fd9374267de35d5098,https://www.xiaohongshu.com/discovery/item/5add3b037ee0a90243260360,https://www.xiaohongshu.com/discovery/item/5b175a9b74da533184bc84a8,https://www.xiaohongshu.com/discovery/item/5b2a6f70937426018becc55f,https://www.xiaohongshu.com/discovery/item/5af97e904df9834216b5e91d,https://www.xiaohongshu.com/discovery/item/5b1f303e798e2b296040d150,https://www.xiaohongshu.com/discovery/item/5b3b784b910cf64c074ddc36,https://www.xiaohongshu.com/discovery/item/5b3c23e007ef1c4c6bcb22e7,https://www.xiaohongshu.com/discovery/item/5b1798dcaac7cb5a023226f0,https://www.xiaohongshu.com/discovery/item/5b0feac526c62449004e9616,https://www.xiaohongshu.com/discovery/item/5b3624d5672e1430d13957de,https://www.xiaohongshu.com/discovery/item/5afd1cf5c4463f6a8b7cc25c,https://www.xiaohongshu.com/discovery/item/5b3044d7910cf67e693cce30,https://www.xiaohongshu.com/discovery/item/5b1117dd14b84e078c6166de,https://www.xiaohongshu.com/discovery/item/5af980b97ee0a950c6aa09bb
589c8e8350c4b4566d3e7a90,https://www.xiaohongshu.com/discovery/item/5b05347c26c624592bf7a21d,https://www.xiaohongshu.com/discovery/item/5b3adfcd672e1430dd3919e3,https://www.xiaohongshu.com/discovery/item/5b0a71d74df9834025f43cc8,https://www.xiaohongshu.com/discovery/item/5ae9e2434b8845555c32bfac,https://www.xiaohongshu.com/discovery/item/5ad3646d4b88457edb45d810,https://www.xiaohongshu.com/discovery/item/5afa609c672e146fd2706c3b,https://www.xiaohongshu.com/discovery/item/5b30fbbe910cf67e723c42ae,https://www.xiaohongshu.com/discovery/item/5b077eee672e1462f9ec9633,https://www.xiaohongshu.com/discovery/item/5af9006fc4463f6a907cf22a,https://www.xiaohongshu.com/discovery/item/5af18e104df9834231b615d5,https://www.xiaohongshu.com/discovery/item/5b2a430b74da53488ee9e6bf,https://www.xiaohongshu.com/discovery/item/5b332c4707ef1c561b668045,https://www.xiaohongshu.com/discovery/item/5b2c82e3910cf63f2140bef3,https://www.xiaohongshu.com/discovery/item/5ae466d1798e2b058e6f7bbe,https://www.xiaohongshu.com/discovery/item/5ad607130c17b84b1964402b,https://www.xiaohongshu.com/discovery/item/5b1b3a9674da533188bc87e4,https://www.xiaohongshu.com/discovery/item/5ad750a2a7c9b862b434eb04,https://www.xiaohongshu.com/discovery/item/5adc8dcec8e55d3e0182c5ea,https://www.xiaohongshu.com/discovery/item/5b176951c8e55d3a43ed2915,https://www.xiaohongshu.com/discovery/item/5b209810aac7cb76ab03dba5
5840ee5782ec390b6afa573e,https://www.xiaohongshu.com/discovery/item/5b06b51aeb00f36092b36a1e,https://www.xiaohongshu.com/discovery/item/5b015250fb2a36632920d57f,https://www.xiaohongshu.com/discovery/item/5aeaeca1278bd32b84316802,https://www.xiaohongshu.com/discovery/item/5acf4476c4463f4203dc8f3a,https://www.xiaohongshu.com/discovery/item/5aec3d23937426496d76b5a9,https://www.xiaohongshu.com/discovery/item/5b28dafe278bd36e2fa47022,https://www.xiaohongshu.com/discovery/item/5adc7db70c17b84b4b64c4c5,https://www.xiaohongshu.com/discovery/item/5ad5ec92910cf6724d51b7b7,https://www.xiaohongshu.com/discovery/item/5af82b47304b145a4bc9f93e,https://www.xiaohongshu.com/discovery/item/5b1282944b88457487c116ed,https://www.xiaohongshu.com/discovery/item/5af038eec4463f6a867c5fcb,https://www.xiaohongshu.com/discovery/item/5ad9cdf0278bd354d29001bb,https://www.xiaohongshu.com/discovery/item/5aeeef25c8e55d19470f206a,https://www.xiaohongshu.com/discovery/item/5b1e5b6f26c62449004f38ef,https://www.xiaohongshu.com/discovery/item/5ae070baaac7cb3cd032c93b,https://www.xiaohongshu.com/discovery/item/5b24e72974da53488ee9886e,https://www.xiaohongshu.com/discovery/item/5afacfb96b50753e353d3b8f,https://www.xiaohongshu.com/discovery/item/5b19111a6b50755d2a2ca971,https://www.xiaohongshu.com/discovery/item/5b1bae15278bd3549e543707,https://www.xiaohongshu.com/discovery/item/5adb0e49fb2a3620130cd2e2
561e0c65a75c9555e1d8d793,https://www.xiaohongshu.com/discovery/item/5aec2f8aeb00f35fce5a6a9d,https://www.xiaohongshu.com/discovery/item/5b34aa2807ef1c561a66b3fc,https://www.xiaohongshu.com/discovery/item/5b3b4901672e1425d6c5fc32,https://www.xiaohongshu.com/discovery/item/5ae99aaeeb00f35fd25a49c7,https://www.xiaohongshu.com/discovery/item/5ad877a4aac7cb68b7761968,https://www.xiaohongshu.com/discovery/item/5b0e63486e88937fac70f8d7,https://www.xiaohongshu.com/discovery/item/5b2b65ec672e146564ad5c67,https://www.xiaohongshu.com/discovery/item/5adc329ac4463f19b98cf5f9,https://www.xiaohongshu.com/discovery/item/5adda6c2fb2a3672ea994945,https://www.xiaohongshu.com/discovery/item/5addd966910cf653df079223,https://www.xiaohongshu.com/discovery/item/5ad6fdda6b50756a9e5bc1d2,https://www.xiaohongshu.com/discovery/item/5af59cc5672e146fd870c72e,https://www.xiaohongshu.com/discovery/item/5af01c0f937426496e76ff04,https://www.xiaohongshu.com/discovery/item/5acdc3acbc1c785a302d209c,https://www.xiaohongshu.com/discovery/item/5b052e2b672e144c0518b439,https://www.xiaohongshu.com/discovery/item/5ad82859798e2b35b35fcf4d,https://www.xiaohongshu.com/discovery/item/5b23810714b84e235afcbae7,https://www.xiaohongshu.com/discovery/item/5afd61b4798e2b7445cad72b,https://www.xiaohongshu.com/discovery/item/5ad4523f74da533a4a2cf09c,https://www.xiaohongshu.com/discovery/item/5ad05a1b26c6247dac91cd6b
5a03abe44eacab0ed844319f,https://www.xiaohongshu.com/discovery/item/5aefc7ec14b84e6164c0b5cc,https://www.xiaohongshu.com/discovery/item/5ae84f19eb00f35fd05a6218,https://www.xiaohongshu.com/discovery/item/5b23aac474da53488fe974c7,https://www.xiaohongshu.com/discovery/item/5af67c7b07ef1c03e4703544,https://www.xiaohongshu.com/discovery/item/5af18e3e937426496e770680,https://www.xiaohongshu.com/discovery/item/5b025d764df9832fed53051b,https://www.xiaohongshu.com/discovery/item/5ae9bf9eaac7cb3c15786190,https://www.xiaohongshu.com/discovery/item/5b1a6301c8e55d3a2aed0fef,https://www.xiaohongshu.com/discovery/item/5b0dfeff910cf62e229e1f4b,https://www.xiaohongshu.com/discovery/item/5ae710916e8893240c337094,https://www.xiaohongshu.com/discovery/item/5af3c843c4463f6a8e7ca743,https://www.xiaohongshu.com/discovery/item/5adf3a4b4b884556399c9b88,https://www.xiaohongshu.com/discovery/item/5b24891c74da53488fe98141,https://www.xiaohongshu.com/discovery/item/5b2e0fbd07ef1c1cf641f777,https://www.xiaohongshu.com/discovery/item/5af273e7bc1c786d9aa99d28,https://www.xiaohongshu.com/discovery/item/5ae017e7672e1455980e6d23,https://www.xiaohongshu.com/discovery/item/5b0a8253aac7cb3c6ad94351,https://www.xiaohongshu.com/discovery/item/5b1bb79026c62449054ee4b4,https://www.xiaohongshu.com/discovery/item/5b179f97a7c9b8652638ab2a,https://www.xiaohongshu.com/discovery/item/5ae47f4b4b8845555432b24b
57830d9e50c4b47b688f7353,https://www.xiaohongshu.com/discovery/item/5ae083aeaac7cb3cd332d0d6,https://www.xiaohongshu.com/discovery/item/5b2a52af672e146562ad4798,https://www.xiaohongshu.com/discovery/item/5b35e63d672e1430d5384253,https://www.xiaohongshu.com/discovery/item/5af04f7e4df9834201b5dffd,https://www.xiaohongshu.com/discovery/item/5af2e2b2a7c9b83dc7dabffd,https://www.xiaohongshu.com/discovery/item/5b114efb74da533184bc4b74,https://www.xiaohongshu.com/discovery/item/5b20debc278bd3734baa1bec,https://www.xiaohongshu.com/discovery/item/5ad34c3ac8e55d3dfc828a33,https://www.xiaohongshu.com/discovery/item/5ad8922afb2a3620140cd7e7,https://www.xiaohongshu.com/discovery/item/5afc24b726c62425dabf7a02,https://www.xiaohongshu.com/discovery/item/5b06b06a07ef1c64e772d0a7,https://www.xiaohongshu.com/discovery/item/5b040f077ee0a90a4dd2e694,https://www.xiaohongshu.com/discovery/item/5b33866c672e1430d138d2c3,https://www.xiaohongshu.com/discovery/item/5af82ed5278bd32b8531eae5,https://www.xiaohongshu.com/discovery/item/5b38cc6e672e1430db3a152c,https://www.xiaohongshu.com/discovery/item/5b1e6affa7c9b8652638ea01,https://www.xiaohongshu.com/discovery/item/5afad3b60c17b81bb892c5a6,https://www.xiaohongshu.com/discovery/item/5b0bfa50304b145a8f5ac8f7,https://www.xiaohongshu.com/discovery/item/5ae46d8f74da530a889307ba,https://www.xiaohongshu.com/discovery/item/5b28e8c314b84e1f56e434ee
597434fb50c4b44f279a9340,https://www.xiaohongshu.com/discovery/item/5b2f3ae307ef1c1cf641f99f,https://www.xiaohongshu.com/discovery/item/5b20deed14b84e235dfcae52,https://www.xiaohongshu.com/discovery/item/5b10c3f6aac7cb5a0431e784,https://www.xiaohongshu.com/discovery/item/5ae6e659304b145a47c9b49c,https://www.xiaohongshu.com/discovery/item/5af14de0672e146fde706518,https://www.xiaohongshu.com/discovery/item/5acc8eb2910cf66ea0a79fbe,https://www.xiaohongshu.com/discovery/item/5af6c2dd93742649707736dd,https://www.xiaohongshu.com/discovery/item/5afab95c937426496b77154d,https://www.xiaohongshu.com/discovery/item/5b39ff72672e1430db3a5e26,https://www.xiaohongshu.com/discovery/item/5b0bd57814b84e63db027c31,https://www.xiaohongshu.com/discovery/item/5b112ef5c8e55d3a2aecb765,https://www.xiaohongshu.com/discovery/item/5b096726798e2b058cd58cb2,https://www.xiaohongshu.com/discovery/item/5aeafd2caac7cb3c1e7849f3,https://www.xiaohongshu.com/discovery/item/5ae417e96e8893240d335b1a,https://www.xiaohongshu.com/discovery/item/5b2b5644937426018becd43a,https://www.xiaohongshu.com/discovery/item/5b1699636e88934890edcd92,https://www.xiaohongshu.com/discovery/item/5af98876910cf66345c324cb,https://www.xiaohongshu.com/discovery/item/5af012b4798e2b05746f74e1,https://www.xiaohongshu.com/discovery/item/5ae01d34fb2a3672ee995070,https://www.xiaohongshu.com/discovery/item/5b18c507672e144f38a3deaa
55263b88b203d93617b793e2,https://www.xiaohongshu.com/discovery/item/5b3f54c4672e1417dff62f61,https://www.xiaohongshu.com/discovery/item/5b28d22a7ee0a918f309417f,https://www.xiaohongshu.com/discovery/item/5add9dbb4df98342b23a3081,https://www.xiaohongshu.com/discovery/item/5b3d05dd672e1408a9e97909,https://www.xiaohongshu.com/discovery/item/5ad6e0f493742669127ecb7f,https://www.xiaohongshu.com/discovery/item/5adc30a7bc1c783380a10d1d,https://www.xiaohongshu.com/discovery/item/5b2788ee14b84e1f5ae45b9b,https://www.xiaohongshu.com/discovery/item/5acf0bb514b84e38dba34701,https://www.xiaohongshu.com/discovery/item/5ae45bbf304b145a4bc9a0d4,https://www.xiaohongshu.com/discovery/item/5b2b70fc07ef1c4193cf1688,https://www.xiaohongshu.com/discovery/item/5b0f936f4df9831c5c6f6fe3,https://www.xiaohongshu.com/discovery/item/5aff412a74da537a6f555034,https://www.xiaohongshu.com/discovery/item/5aec4f91c4463f6a8e7c80f2,https://www.xiaohongshu.com/discovery/item/5ae997acc8e55d19300ee1dd,https://www.xiaohongshu.com/discovery/item/5b02cf8d304b14103bf8fdd8,https://www.xiaohongshu.com/discovery/item/5b136ce20c17b845314c826e,https://www.xiaohongshu.com/discovery/item/5b0addd74b884554ce0aaf0f,https://www.xiaohongshu.com/discovery/item/5ae2b8cdeb00f35fc75a4709,https://www.xiaohongshu.com/discovery/item/5aeaf6556b50753e413d418b,https://www.xiaohongshu.com/discovery/item/5ae1a3700c17b81b9b924c76
57830d9e50c4b47b688f7353,https://www.xiaohongshu.com/discovery/item/5b2a52af672e146562ad4798,https://www.xiaohongshu.com/discovery/item/5b35e63d672e1430d5384253,https://www.xiaohongshu.com/discovery/item/5af04f7e4df9834201b5dffd,https://www.xiaohongshu.com/discovery/item/5af2e2b2a7c9b83dc7dabffd,https://www.xiaohongshu.com/discovery/item/5b114efb74da533184bc4b74,https://www.xiaohongshu.com/discovery/item/5b20debc278bd3734baa1bec,https://www.xiaohongshu.com/discovery/item/5ad34c3ac8e55d3dfc828a33,https://www.xiaohongshu.com/discovery/item/5ad8922afb2a3620140cd7e7,https://www.xiaohongshu.com/discovery/item/5afc24b726c62425dabf7a02,https://www.xiaohongshu.com/discovery/item/5b06b06a07ef1c64e772d0a7,https://www.xiaohongshu.com/discovery/item/5b040f077ee0a90a4dd2e694,https://www.xiaohongshu.com/discovery/item/5b33866c672e1430d138d2c3,https://www.xiaohongshu.com/discovery/item/5af82ed5278bd32b8531eae5,https://www.xiaohongshu.com/discovery/item/5b4203c1910cf65c1ad598f0,https://www.xiaohongshu.com/discovery/item/5b38cc6e672e1430db3a152c,https://www.xiaohongshu.com/discovery/item/5b1e6affa7c9b8652638ea01,https://www.xiaohongshu.com/discovery/item/5b0bfa50304b145a8f5ac8f7,https://www.xiaohongshu.com/discovery/item/5ae46d8f74da530a889307ba,https://www.xiaohongshu.com/discovery/item/5b28e8c314b84e1f56e434ee,https://www.xiaohongshu.com/discovery/item/5b30dfaa910cf67e6a3c2b62
597434fb50c4b44f279a9340,https://www.xiaohongshu.com/discovery/item/5b05245114b84e18b0b42504,https://www.xiaohongshu.com/discovery/item/5b20deed14b84e235dfcae52,https://www.xiaohongshu.com/discovery/item/5b10c3f6aac7cb5a0431e784,https://www.xiaohongshu.com/discovery/item/5ae6e659304b145a47c9b49c,https://www.xiaohongshu.com/discovery/item/5acb2eda0c17b86805a676e6,https://www.xiaohongshu.com/discovery/item/5af14de0672e146fde706518,https://www.xiaohongshu.com/discovery/item/5ae2f38d4b8845555432a7d9,https://www.xiaohongshu.com/discovery/item/5acc8eb2910cf66ea0a79fbe,https://www.xiaohongshu.com/discovery/item/5af6c2dd93742649707736dd,https://www.xiaohongshu.com/discovery/item/5afab95c937426496b77154d,https://www.xiaohongshu.com/discovery/item/5b0bd57814b84e63db027c31,https://www.xiaohongshu.com/discovery/item/5b112ef5c8e55d3a2aecb765,https://www.xiaohongshu.com/discovery/item/5b096726798e2b058cd58cb2,https://www.xiaohongshu.com/discovery/item/5aeafd2caac7cb3c1e7849f3,https://www.xiaohongshu.com/discovery/item/5ae417e96e8893240d335b1a,https://www.xiaohongshu.com/discovery/item/5b2b5644937426018becd43a,https://www.xiaohongshu.com/discovery/item/5b1699636e88934890edcd92,https://www.xiaohongshu.com/discovery/item/5aceef4614b84e38dba34594,https://www.xiaohongshu.com/discovery/item/5af012b4798e2b05746f74e1,https://www.xiaohongshu.com/discovery/item/5ae01d34fb2a3672ee995070
55263b88b203d93617b793e2,https://www.xiaohongshu.com/discovery/item/5b3f54c4672e1417dff62f61,https://www.xiaohongshu.com/discovery/item/5b28d22a7ee0a918f309417f,https://www.xiaohongshu.com/discovery/item/5add9dbb4df98342b23a3081,https://www.xiaohongshu.com/discovery/item/5b3d05dd672e1408a9e97909,https://www.xiaohongshu.com/discovery/item/5ad6e0f493742669127ecb7f,https://www.xiaohongshu.com/discovery/item/5adc30a7bc1c783380a10d1d,https://www.xiaohongshu.com/discovery/item/5b2788ee14b84e1f5ae45b9b,https://www.xiaohongshu.com/discovery/item/5acf0bb514b84e38dba34701,https://www.xiaohongshu.com/discovery/item/5ae45bbf304b145a4bc9a0d4,https://www.xiaohongshu.com/discovery/item/5b0f936f4df9831c5c6f6fe3,https://www.xiaohongshu.com/discovery/item/5aff412a74da537a6f555034,https://www.xiaohongshu.com/discovery/item/5aec4f91c4463f6a8e7c80f2,https://www.xiaohongshu.com/discovery/item/5ae997acc8e55d19300ee1dd,https://www.xiaohongshu.com/discovery/item/5b02cf8d304b14103bf8fdd8,https://www.xiaohongshu.com/discovery/item/5b136ce20c17b845314c826e,https://www.xiaohongshu.com/discovery/item/5b0addd74b884554ce0aaf0f,https://www.xiaohongshu.com/discovery/item/5af2f9257ee0a950c6a9e134,https://www.xiaohongshu.com/discovery/item/5ae2b8cdeb00f35fc75a4709,https://www.xiaohongshu.com/discovery/item/5aeaf6556b50753e413d418b,https://www.xiaohongshu.com/discovery/item/5ace0473c4463f4201dc84d4
56f5d3ea84edcd2633cbdb60,https://www.xiaohongshu.com/discovery/item/5b16ac77fb2a3618347babdb,https://www.xiaohongshu.com/discovery/item/5af7fcc5278bd32b8531e8a3,https://www.xiaohongshu.com/discovery/item/5b34699d07ef1c562867391f,https://www.xiaohongshu.com/discovery/item/5b101498bc1c784d4a850248,https://www.xiaohongshu.com/discovery/item/5b1a82cffb2a3618337bfaff,https://www.xiaohongshu.com/discovery/item/5adf3294fb2a3672ec995091,https://www.xiaohongshu.com/discovery/item/5addee160c17b81c7c566348,https://www.xiaohongshu.com/discovery/item/5adda31da7c9b83dbb8496ed,https://www.xiaohongshu.com/discovery/item/5b2515dd278bd36e28a3d856,https://www.xiaohongshu.com/discovery/item/5adb484e0c17b84b2b645a93,https://www.xiaohongshu.com/discovery/item/5af3de6fbc1c786dada9f069,https://www.xiaohongshu.com/discovery/item/5af2f2f814b84e6165c0c1b7,https://www.xiaohongshu.com/discovery/item/5b3ce0a607ef1c4c8ccb7f9b,https://www.xiaohongshu.com/discovery/item/5adf20287ee0a951ede1ab1a,https://www.xiaohongshu.com/discovery/item/5b2b43df0c17b85bd17eb2ea,https://www.xiaohongshu.com/discovery/item/5b0122ee304b1449a863b0c6,https://www.xiaohongshu.com/discovery/item/5af79dfcc4463f6a8e7cbfc5,https://www.xiaohongshu.com/discovery/item/5b13e820910cf61eb7dba40e,https://www.xiaohongshu.com/discovery/item/5b051c8ceb00f315e0e46bd5,https://www.xiaohongshu.com/discovery/item/5ae934d8fb2a3671babbf99e
5ae2cfe54eacab66ef5ae712,https://www.xiaohongshu.com/discovery/item/5b1fa43cc4463f0e0925aeb6,https://www.xiaohongshu.com/discovery/item/5af55627798e2b05806feead,https://www.xiaohongshu.com/discovery/item/5ae989f914b84e6161c07c3d,https://www.xiaohongshu.com/discovery/item/5b1923ac672e144f2ea3f122,https://www.xiaohongshu.com/discovery/item/5af1231174da530a85933569,https://www.xiaohongshu.com/discovery/item/5aec10e3937426496a76d94f,https://www.xiaohongshu.com/discovery/item/5aeadc74fb2a3671b0bbee4d,https://www.xiaohongshu.com/discovery/item/5b338e4b672e1430db38e726,https://www.xiaohongshu.com/discovery/item/5afadbc86e88932411341387,https://www.xiaohongshu.com/discovery/item/5b3ee230672e1408ace99da7,https://www.xiaohongshu.com/discovery/item/5b0d26cb910cf62e229e18d2,https://www.xiaohongshu.com/discovery/item/5b0fbbf3c4463f74b9dea180,https://www.xiaohongshu.com/discovery/item/5b27459a910cf63f33412418,https://www.xiaohongshu.com/discovery/item/5b3b23b2910cf657a77d5da9,https://www.xiaohongshu.com/discovery/item/5b3738e107ef1c5628689247,https://www.xiaohongshu.com/discovery/item/5b41d5bf910cf65c1cd56920
556002df62a60c4205da4758,https://www.xiaohongshu.com/discovery/item/5acc9ef17ee0a962835aeed1,https://www.xiaohongshu.com/discovery/item/5acad0b9910cf6142032622b,https://www.xiaohongshu.com/discovery/item/5ad87a9afb2a36200c0cd72f,https://www.xiaohongshu.com/discovery/item/5afa8134aac7cb3c1778b11f,https://www.xiaohongshu.com/discovery/item/5ad5afc1304b140185679ff7,https://www.xiaohongshu.com/discovery/item/5acf3c09278bd37f5aec2d66,https://www.xiaohongshu.com/discovery/item/5ae694a16e88932410336a03,https://www.xiaohongshu.com/discovery/item/5af4fcf8a7c9b83dcddaa3de,https://www.xiaohongshu.com/discovery/item/5af054ec0c17b81bb792796e,https://www.xiaohongshu.com/discovery/item/5aed3c8bbc1c786dbaa9c39b,https://www.xiaohongshu.com/discovery/item/5afd7fba6b50752c87a7ac3d,https://www.xiaohongshu.com/discovery/item/5ad3254174da533a4e2ce570,https://www.xiaohongshu.com/discovery/item/5ad6a684278bd354d48fd116,https://www.xiaohongshu.com/discovery/item/5af7b746c4463f6a8e7cc154,https://www.xiaohongshu.com/discovery/item/5aeafc8feb00f35fd15a7d68,https://www.xiaohongshu.com/discovery/item/5b06a1450c17b81e7f41dc72,https://www.xiaohongshu.com/discovery/item/5aeef4f0c4463f6a907ca81b,https://www.xiaohongshu.com/discovery/item/5aff9c68eb00f34f63de9da8,https://www.xiaohongshu.com/discovery/item/5adaf021910cf64c05ce7a59,https://www.xiaohongshu.com/discovery/item/5adeafc1304b145b2f271f08
586c8b8182ec39577ca0216a,https://www.xiaohongshu.com/discovery/item/5acb5ab06b50750897748317,https://www.xiaohongshu.com/discovery/item/5ad1e1086e88934b28769679,https://www.xiaohongshu.com/discovery/item/5ad593b326c624525e158c23,https://www.xiaohongshu.com/discovery/item/5acb7cd34df9837e961ca2b6,https://www.xiaohongshu.com/discovery/item/5addaabf304b145b31271f88,https://www.xiaohongshu.com/discovery/item/5ad478a0aac7cb68b775e515,https://www.xiaohongshu.com/discovery/item/5af186fcc4463f6a8b7c7724,https://www.xiaohongshu.com/discovery/item/5acf3ecc672e146476d64ee2,https://www.xiaohongshu.com/discovery/item/5ace0257aac7cb177a3aa68f,https://www.xiaohongshu.com/discovery/item/5ada99d24b88457ef6460872,https://www.xiaohongshu.com/discovery/item/5aed861b937426497076f804,https://www.xiaohongshu.com/discovery/item/5aeadbb0aac7cb3c1c78785b,https://www.xiaohongshu.com/discovery/item/5addc4187ee0a951ece1a9f6,https://www.xiaohongshu.com/discovery/item/5b3619c5672e1430db39a345,https://www.xiaohongshu.com/discovery/item/5ad9c49274da533a4e2d3d1f,https://www.xiaohongshu.com/discovery/item/5adf1b63278bd32ceb51a0d2,https://www.xiaohongshu.com/discovery/item/5accacd2fb2a367b54f1dec0,https://www.xiaohongshu.com/discovery/item/5aec37a26b50753e823d6628,https://www.xiaohongshu.com/discovery/item/5ae0600c910cf653e307a1dc,https://www.xiaohongshu.com/discovery/item/5af6c1830c17b81bb69290e4
5a028c1011be1014ba3439ec,https://www.xiaohongshu.com/discovery/item/5afd7e5714b84e514aa54578,https://www.xiaohongshu.com/discovery/item/5ae99190304b145a49c9ad6c,https://www.xiaohongshu.com/discovery/item/5b039015fb2a3629e5c06f09,https://www.xiaohongshu.com/discovery/item/5b0bd259c8e55d1b93bd8fb1,https://www.xiaohongshu.com/discovery/item/5b3caeb3910cf64bfc4e0b0f,https://www.xiaohongshu.com/discovery/item/5b28f3a007ef1c4194cf6386,https://www.xiaohongshu.com/discovery/item/5ad9d71f4df9836206618e88,https://www.xiaohongshu.com/discovery/item/5addcc8c6e88932536ee1c70,https://www.xiaohongshu.com/discovery/item/5b1688d1eb00f304adf86aa6,https://www.xiaohongshu.com/discovery/item/5adb117f07ef1c2b91d5ce5f,https://www.xiaohongshu.com/discovery/item/5b1a7455304b147bcd88c983,https://www.xiaohongshu.com/discovery/item/5af6d489a7c9b83dc7dae2bb,https://www.xiaohongshu.com/discovery/item/5ae56c35aac7cb3c19784f0f,https://www.xiaohongshu.com/discovery/item/5ad051b09374262e70c26051,https://www.xiaohongshu.com/discovery/item/5ad5e3790c17b84b406439b3,https://www.xiaohongshu.com/discovery/item/5acf1e94798e2b5e8e0f5652,https://www.xiaohongshu.com/discovery/item/5ad2104bbc1c78339aa0a506,https://www.xiaohongshu.com/discovery/item/5b38dc3a07ef1c5628699add,https://www.xiaohongshu.com/discovery/item/5b2f89c6910cf67e723c0b81,https://www.xiaohongshu.com/discovery/item/5b0688514df983402ef3f3ab
566e5924cb35fb4d283c25af,https://www.xiaohongshu.com/discovery/item/5b28eafd14b84e1f58e4243b,https://www.xiaohongshu.com/discovery/item/5ae5b7a174da530a82930a92,https://www.xiaohongshu.com/discovery/item/5b421333672e1417e9f6a04a,https://www.xiaohongshu.com/discovery/item/5aec44e14b8845555a32d632,https://www.xiaohongshu.com/discovery/item/5adf50526b50753dc7143514,https://www.xiaohongshu.com/discovery/item/5b0bdb70aac7cb3c66d936ee,https://www.xiaohongshu.com/discovery/item/5ad4880507ef1c2b88d59ac7,https://www.xiaohongshu.com/discovery/item/5ad5f05b798e2b35ac5f9b8d,https://www.xiaohongshu.com/discovery/item/5b003b0f937426610cde8f44,https://www.xiaohongshu.com/discovery/item/5ad308d493742669157ec2e8,https://www.xiaohongshu.com/discovery/item/5accfae526c6242da03c7d4c,https://www.xiaohongshu.com/discovery/item/5b2be3a9672e146562ad83b2,https://www.xiaohongshu.com/discovery/item/5afd7791fb2a36632820bc5c,https://www.xiaohongshu.com/discovery/item/5b1e63329374267de15db581,https://www.xiaohongshu.com/discovery/item/5b1eb5e2278bd3549e54529c,https://www.xiaohongshu.com/discovery/item/5ade0b734b884556399c9578,https://www.xiaohongshu.com/discovery/item/5addba46672e14558c0e66ae,https://www.xiaohongshu.com/discovery/item/5adefe447ee0a951ece1aca7,https://www.xiaohongshu.com/discovery/item/5aef01ed74da530a85933037,https://www.xiaohongshu.com/discovery/item/5adb2642fb2a36200f0cc91f
551261a0b4c4d633f9d375dc,https://www.xiaohongshu.com/discovery/item/5b192f8226c62449154ef3cc,https://www.xiaohongshu.com/discovery/item/5b1d39ed4df983630f0d6f58,https://www.xiaohongshu.com/discovery/item/5b2210880c17b862497f1a89,https://www.xiaohongshu.com/discovery/item/5b29c29907ef1c4194cf7c4b,https://www.xiaohongshu.com/discovery/item/5b205f8507ef1c420bf4ecc4,https://www.xiaohongshu.com/discovery/item/5b176b04798e2b295f40a814,https://www.xiaohongshu.com/discovery/item/5b17d3666e8893488dede332,https://www.xiaohongshu.com/discovery/item/5b24e2bc14b84e1f56e3e7b8,https://www.xiaohongshu.com/discovery/item/5adb48e4c4463f19bb8ccf3c,https://www.xiaohongshu.com/discovery/item/5b1fd5e007ef1c420bf4e58b,https://www.xiaohongshu.com/discovery/item/5b1cdfd67ee0a97c50e5e782,https://www.xiaohongshu.com/discovery/item/5b1157a9672e144f2ea399e8,https://www.xiaohongshu.com/discovery/item/5b2e634f07ef1c1d03423027,https://www.xiaohongshu.com/discovery/item/5b13f8d7a7c9b8651738916a,https://www.xiaohongshu.com/discovery/item/5b2fb628672e1447cd7eb6f3,https://www.xiaohongshu.com/discovery/item/5b08284d304b145a915ab97b,https://www.xiaohongshu.com/discovery/item/5b3505cf910cf66739aff715,https://www.xiaohongshu.com/discovery/item/5b10155dc8e55d3a43ecb19c,https://www.xiaohongshu.com/discovery/item/5b2a26146e88936733ac8e38,https://www.xiaohongshu.com/discovery/item/5b17f5e926c62449004eff93
5429b1a2e77989342738021e
569b40666a6a696cbf80103e,https://www.xiaohongshu.com/discovery/item/5b00eed4278bd31d8ff7d341,https://www.xiaohongshu.com/discovery/item/5b1e645326c62449054efc58,https://www.xiaohongshu.com/discovery/item/5afa6875eb00f35fd25a4f54,https://www.xiaohongshu.com/discovery/item/5b398244672e1430d238fe99,https://www.xiaohongshu.com/discovery/item/5b2dd4fe910cf67e633bf3d2,https://www.xiaohongshu.com/discovery/item/5ad156710c17b876c82a90d8,https://www.xiaohongshu.com/discovery/item/5aed04a06b50753e823d6c69,https://www.xiaohongshu.com/discovery/item/5aea754b14b84e6164c09879,https://www.xiaohongshu.com/discovery/item/5ad95a97fb2a36200c0cdbb6,https://www.xiaohongshu.com/discovery/item/5ae7ca1007ef1c03e46fd8a4,https://www.xiaohongshu.com/discovery/item/5ad2a280eb00f3094b913da5,https://www.xiaohongshu.com/discovery/item/5ae522d16b50753e3d3d4baf,https://www.xiaohongshu.com/discovery/item/5afe3689aac7cb2b2b922c75,https://www.xiaohongshu.com/discovery/item/5b0e0532aac7cb3c70d96b5f,https://www.xiaohongshu.com/discovery/item/5addc5da798e2b05e7f9e037,https://www.xiaohongshu.com/discovery/item/5acc3bd4c4463f765110d9c8,https://www.xiaohongshu.com/discovery/item/5b08e1b0278bd33035458372,https://www.xiaohongshu.com/discovery/item/5b10bd059374267de35d5545,https://www.xiaohongshu.com/discovery/item/5ae27e956e88932410335d5f,https://www.xiaohongshu.com/discovery/item/5b3ed10e07ef1c4c97cc3339
5ae2cfe54eacab66ef5ae712,https://www.xiaohongshu.com/discovery/item/5b1fa43cc4463f0e0925aeb6,https://www.xiaohongshu.com/discovery/item/5af55627798e2b05806feead,https://www.xiaohongshu.com/discovery/item/5ae989f914b84e6161c07c3d,https://www.xiaohongshu.com/discovery/item/5b1923ac672e144f2ea3f122,https://www.xiaohongshu.com/discovery/item/5af1231174da530a85933569,https://www.xiaohongshu.com/discovery/item/5aec10e3937426496a76d94f,https://www.xiaohongshu.com/discovery/item/5aeadc74fb2a3671b0bbee4d,https://www.xiaohongshu.com/discovery/item/5afadbc86e88932411341387,https://www.xiaohongshu.com/discovery/item/5b3ee230672e1408ace99da7,https://www.xiaohongshu.com/discovery/item/5b0d26cb910cf62e229e18d2,https://www.xiaohongshu.com/discovery/item/5b0fbbf3c4463f74b9dea180,https://www.xiaohongshu.com/discovery/item/5b27459a910cf63f33412418,https://www.xiaohongshu.com/discovery/item/5b3738e107ef1c5628689247,https://www.xiaohongshu.com/discovery/item/5b41d5bf910cf65c1cd56920
556002df62a60c4205da4758,https://www.xiaohongshu.com/discovery/item/5acad0b9910cf6142032622b,https://www.xiaohongshu.com/discovery/item/5afa8134aac7cb3c1778b11f,https://www.xiaohongshu.com/discovery/item/5ad5afc1304b140185679ff7,https://www.xiaohongshu.com/discovery/item/5ae459d107ef1c03e26fc8ae,https://www.xiaohongshu.com/discovery/item/5acf3c09278bd37f5aec2d66,https://www.xiaohongshu.com/discovery/item/5af4fcf8a7c9b83dcddaa3de,https://www.xiaohongshu.com/discovery/item/5af054ec0c17b81bb792796e,https://www.xiaohongshu.com/discovery/item/5aed3c8bbc1c786dbaa9c39b,https://www.xiaohongshu.com/discovery/item/5afd7fba6b50752c87a7ac3d,https://www.xiaohongshu.com/discovery/item/5ad6a684278bd354d48fd116,https://www.xiaohongshu.com/discovery/item/5af7b746c4463f6a8e7cc154,https://www.xiaohongshu.com/discovery/item/5aeafc8feb00f35fd15a7d68,https://www.xiaohongshu.com/discovery/item/5b06a1450c17b81e7f41dc72,https://www.xiaohongshu.com/discovery/item/5aeef4f0c4463f6a907ca81b,https://www.xiaohongshu.com/discovery/item/5aff9c68eb00f34f63de9da8,https://www.xiaohongshu.com/discovery/item/5adaf021910cf64c05ce7a59,https://www.xiaohongshu.com/discovery/item/5adeafc1304b145b2f271f08,https://www.xiaohongshu.com/discovery/item/5b02bbbeaac7cb39e54eeed2,https://www.xiaohongshu.com/discovery/item/5b161289c4463f0e08256e0c,https://www.xiaohongshu.com/discovery/item/5ae1b76c672e146fd2704718
586c8b8182ec39577ca0216a,https://www.xiaohongshu.com/discovery/item/5acb5ab06b50750897748317,https://www.xiaohongshu.com/discovery/item/5ad1e1086e88934b28769679,https://www.xiaohongshu.com/discovery/item/5ad593b326c624525e158c23,https://www.xiaohongshu.com/discovery/item/5ad417b714b84e0fbbd5adb1,https://www.xiaohongshu.com/discovery/item/5acb7cd34df9837e961ca2b6,https://www.xiaohongshu.com/discovery/item/5addaabf304b145b31271f88,https://www.xiaohongshu.com/discovery/item/5ad478a0aac7cb68b775e515,https://www.xiaohongshu.com/discovery/item/5af186fcc4463f6a8b7c7724,https://www.xiaohongshu.com/discovery/item/5acf3ecc672e146476d64ee2,https://www.xiaohongshu.com/discovery/item/5ada99d24b88457ef6460872,https://www.xiaohongshu.com/discovery/item/5ad5e6f06b50756aac5bbda8,https://www.xiaohongshu.com/discovery/item/5ad729ad6b50756a995bb4e6,https://www.xiaohongshu.com/discovery/item/5aeadbb0aac7cb3c1c78785b,https://www.xiaohongshu.com/discovery/item/5addc4187ee0a951ece1a9f6,https://www.xiaohongshu.com/discovery/item/5b3619c5672e1430db39a345,https://www.xiaohongshu.com/discovery/item/5b37597207ef1c5626676190,https://www.xiaohongshu.com/discovery/item/5ad9c49274da533a4e2d3d1f,https://www.xiaohongshu.com/discovery/item/5adf1b63278bd32ceb51a0d2,https://www.xiaohongshu.com/discovery/item/5aec37a26b50753e823d6628,https://www.xiaohongshu.com/discovery/item/5ae0600c910cf653e307a1dc
5a028c1011be1014ba3439ec,https://www.xiaohongshu.com/discovery/item/5ae99190304b145a49c9ad6c,https://www.xiaohongshu.com/discovery/item/5b039015fb2a3629e5c06f09,https://www.xiaohongshu.com/discovery/item/5b0bd259c8e55d1b93bd8fb1,https://www.xiaohongshu.com/discovery/item/5b3caeb3910cf64bfc4e0b0f,https://www.xiaohongshu.com/discovery/item/5b28f3a007ef1c4194cf6386,https://www.xiaohongshu.com/discovery/item/5ad9d71f4df9836206618e88,https://www.xiaohongshu.com/discovery/item/5addcc8c6e88932536ee1c70,https://www.xiaohongshu.com/discovery/item/5b1688d1eb00f304adf86aa6,https://www.xiaohongshu.com/discovery/item/5adb117f07ef1c2b91d5ce5f,https://www.xiaohongshu.com/discovery/item/5b1a7455304b147bcd88c983,https://www.xiaohongshu.com/discovery/item/5aeeb437910cf6634bc2f6e3,https://www.xiaohongshu.com/discovery/item/5af6d489a7c9b83dc7dae2bb,https://www.xiaohongshu.com/discovery/item/5ae56c35aac7cb3c19784f0f,https://www.xiaohongshu.com/discovery/item/5ad051b09374262e70c26051,https://www.xiaohongshu.com/discovery/item/5ad5e3790c17b84b406439b3,https://www.xiaohongshu.com/discovery/item/5acf1e94798e2b5e8e0f5652,https://www.xiaohongshu.com/discovery/item/5b38dc3a07ef1c5628699add,https://www.xiaohongshu.com/discovery/item/5b0688514df983402ef3f3ab,https://www.xiaohongshu.com/discovery/item/5afc2b7b304b145a4cc9bc1b,https://www.xiaohongshu.com/discovery/item/5b1fcd8b74da533188bcb4d4
566e5924cb35fb4d283c25af
551261a0b4c4d633f9d375dc,https://www.xiaohongshu.com/discovery/item/5b192f8226c62449154ef3cc,https://www.xiaohongshu.com/discovery/item/5b29c29907ef1c4194cf7c4b,https://www.xiaohongshu.com/discovery/item/5b176b04798e2b295f40a814,https://www.xiaohongshu.com/discovery/item/5b24e2bc14b84e1f56e3e7b8,https://www.xiaohongshu.com/discovery/item/5adb48e4c4463f19bb8ccf3c,https://www.xiaohongshu.com/discovery/item/5b1fd5e007ef1c420bf4e58b,https://www.xiaohongshu.com/discovery/item/5b1cdfd67ee0a97c50e5e782,https://www.xiaohongshu.com/discovery/item/5b1157a9672e144f2ea399e8,https://www.xiaohongshu.com/discovery/item/5b13f8d7a7c9b8651738916a,https://www.xiaohongshu.com/discovery/item/5b2fb628672e1447cd7eb6f3,https://www.xiaohongshu.com/discovery/item/5b08284d304b145a915ab97b,https://www.xiaohongshu.com/discovery/item/5b10155dc8e55d3a43ecb19c,https://www.xiaohongshu.com/discovery/item/5b17f5e926c62449004eff93,https://www.xiaohongshu.com/discovery/item/5b374446910cf66734b0641b,https://www.xiaohongshu.com/discovery/item/5b1c01fc910cf61ebcdc5e0c,https://www.xiaohongshu.com/discovery/item/5b40db3907ef1c7c9bdc0b02,https://www.xiaohongshu.com/discovery/item/5b30f941910cf67e6b3c5277,https://www.xiaohongshu.com/discovery/item/5afbfcf87ee0a950c3aa1189,https://www.xiaohongshu.com/discovery/item/5b38bfd6672e1430d53897d5,https://www.xiaohongshu.com/discovery/item/5b42110f910cf65c1bd63fba
5429b1a2e77989342738021e,https://www.xiaohongshu.com/discovery/item/5b25db2007ef1c4194cedadd,https://www.xiaohongshu.com/discovery/item/5aec5aeafb2a3671bbbbeaad,https://www.xiaohongshu.com/discovery/item/5ae4228f07ef1c03e46fcd9b,https://www.xiaohongshu.com/discovery/item/5af252a16e889324063388ef,https://www.xiaohongshu.com/discovery/item/5b3f5184672e1417e9f63ccf,https://www.xiaohongshu.com/discovery/item/5acde74b278bd37f54ec295f,https://www.xiaohongshu.com/discovery/item/5b0eb36c798e2b60b2be8941,https://www.xiaohongshu.com/discovery/item/5ad086ba26c6247d9591d05d,https://www.xiaohongshu.com/discovery/item/5b05579726c624592ef7b7e3,https://www.xiaohongshu.com/discovery/item/5b003b9ac4463f5c30f8be9b,https://www.xiaohongshu.com/discovery/item/5ae05ec407ef1c238bf94e45,https://www.xiaohongshu.com/discovery/item/5ae99113278bd32b83317544,https://www.xiaohongshu.com/discovery/item/5b17c4c507ef1c4202f475f6,https://www.xiaohongshu.com/discovery/item/5b110a9f74da533189bc4785,https://www.xiaohongshu.com/discovery/item/5ae4596ac4463f6a8e7c560c,https://www.xiaohongshu.com/discovery/item/5acf489a26c6247dae91c759,https://www.xiaohongshu.com/discovery/item/5af95ab214b84e6162c0b774,https://www.xiaohongshu.com/discovery/item/5b0949d26b50753d3edd3cd3,https://www.xiaohongshu.com/discovery/item/5ad9e77aa7c9b862a93507d0,https://www.xiaohongshu.com/discovery/item/5b2b8de393742610c295746b
569b40666a6a696cbf80103e,https://www.xiaohongshu.com/discovery/item/5b00eed4278bd31d8ff7d341,https://www.xiaohongshu.com/discovery/item/5b1e645326c62449054efc58,https://www.xiaohongshu.com/discovery/item/5afa6875eb00f35fd25a4f54,https://www.xiaohongshu.com/discovery/item/5b398244672e1430d238fe99,https://www.xiaohongshu.com/discovery/item/5b2dd4fe910cf67e633bf3d2,https://www.xiaohongshu.com/discovery/item/5ad156710c17b876c82a90d8,https://www.xiaohongshu.com/discovery/item/5aed04a06b50753e823d6c69,https://www.xiaohongshu.com/discovery/item/5aea754b14b84e6164c09879,https://www.xiaohongshu.com/discovery/item/5ad417a174da533a502ccdb1,https://www.xiaohongshu.com/discovery/item/5ad95a97fb2a36200c0cdbb6,https://www.xiaohongshu.com/discovery/item/5ae522d16b50753e3d3d4baf,https://www.xiaohongshu.com/discovery/item/5afe3689aac7cb2b2b922c75,https://www.xiaohongshu.com/discovery/item/5b0e0532aac7cb3c70d96b5f,https://www.xiaohongshu.com/discovery/item/5addc5da798e2b05e7f9e037,https://www.xiaohongshu.com/discovery/item/5acc3bd4c4463f765110d9c8,https://www.xiaohongshu.com/discovery/item/5b08e1b0278bd33035458372,https://www.xiaohongshu.com/discovery/item/5b21f333910cf617ef937d78,https://www.xiaohongshu.com/discovery/item/5ae27e956e88932410335d5f,https://www.xiaohongshu.com/discovery/item/5b3ed10e07ef1c4c97cc3339,https://www.xiaohongshu.com/discovery/item/5ae0211226c62426e41250cc
5962e4fb82ec396ab30d5c0d,https://www.xiaohongshu.com/discovery/item/5ace14ccbc1c785a302d237e,https://www.xiaohongshu.com/discovery/item/5ad357bc93742669177ec9bf,https://www.xiaohongshu.com/discovery/item/5ad09848798e2b5e900f67d9,https://www.xiaohongshu.com/discovery/item/5adda3b707ef1c2380f94f19,https://www.xiaohongshu.com/discovery/item/5b3dc810910cf64c084e6945,https://www.xiaohongshu.com/discovery/item/5aec12dec8e55d19310ed6b5,https://www.xiaohongshu.com/discovery/item/5af1a7f46e88932408339808,https://www.xiaohongshu.com/discovery/item/5b1d44e8bc1c784d62857876,https://www.xiaohongshu.com/discovery/item/5b07c3e774da530cd64f0c43,https://www.xiaohongshu.com/discovery/item/5b408baa910cf65c1bd5e38d,https://www.xiaohongshu.com/discovery/item/5ae45ae07ee0a950c6a97fd7,https://www.xiaohongshu.com/discovery/item/5b30d1fb910cf67e693d0b87,https://www.xiaohongshu.com/discovery/item/5b26279674da534887e9a215,https://www.xiaohongshu.com/discovery/item/5b3c77d4672e1408a3e99172,https://www.xiaohongshu.com/discovery/item/5add9fbb4df98342a63a31dc,https://www.xiaohongshu.com/discovery/item/5b15041e26c62449154ea678,https://www.xiaohongshu.com/discovery/item/5b1400657ee0a97c54e5aba6,https://www.xiaohongshu.com/discovery/item/5b20e8327ee0a91d83faafea,https://www.xiaohongshu.com/discovery/item/5af66fa8672e146fdd706421,https://www.xiaohongshu.com/discovery/item/5b0ff008798e2b2964406536
55519d7cb203d93d4c2885ed,https://www.xiaohongshu.com/discovery/item/5adc7d9026c6245282156666,https://www.xiaohongshu.com/discovery/item/5b3f6ad4672e1417dff63403,https://www.xiaohongshu.com/discovery/item/5af6ccbb6b50753e6c3d6e4f,https://www.xiaohongshu.com/discovery/item/5ae6fe4e278bd32b84315e33,https://www.xiaohongshu.com/discovery/item/5b2e394a910cf67e6a3be73e,https://www.xiaohongshu.com/discovery/item/5b0930d1a7c9b8456fe5b667,https://www.xiaohongshu.com/discovery/item/5b3e1bb4910cf64c084e81e8,https://www.xiaohongshu.com/discovery/item/5b054e427ee0a90a50d2fc34,https://www.xiaohongshu.com/discovery/item/5acb56dd278bd3775c44f427,https://www.xiaohongshu.com/discovery/item/5ad1e87f0c17b84b1e641c98,https://www.xiaohongshu.com/discovery/item/5af19fa926c62425b9bec280,https://www.xiaohongshu.com/discovery/item/5b12804674da53318bbc5429,https://www.xiaohongshu.com/discovery/item/5ad340f793742669197ed1f8,https://www.xiaohongshu.com/discovery/item/5b27a7fb74da534892e9b5ed,https://www.xiaohongshu.com/discovery/item/5b0be757a7c9b8457ae5a549,https://www.xiaohongshu.com/discovery/item/5b000c92304b1449a863a778,https://www.xiaohongshu.com/discovery/item/5af992c96b50753e3d3dd988,https://www.xiaohongshu.com/discovery/item/5aed99eabc1c786dafa9be95,https://www.xiaohongshu.com/discovery/item/5afd58714b884544ceec7042,https://www.xiaohongshu.com/discovery/item/5b28e6fe6e88936738acbcd5
5888146c50c4b4689bf36e73,https://www.xiaohongshu.com/discovery/item/5ad069be14b84e38d9a349f4,https://www.xiaohongshu.com/discovery/item/5b010207bc1c78756e921bda,https://www.xiaohongshu.com/discovery/item/5adad5ba672e147ea7225fe6,https://www.xiaohongshu.com/discovery/item/5ae446846e8893240d335bbc,https://www.xiaohongshu.com/discovery/item/5b07e92a74da530cd54f0f03,https://www.xiaohongshu.com/discovery/item/5ae7f524672e146fdc706c36,https://www.xiaohongshu.com/discovery/item/5b2c94ff07ef1c4194d05b19,https://www.xiaohongshu.com/discovery/item/5afd23884df983423cb5e460,https://www.xiaohongshu.com/discovery/item/5b1b4e194df983630f0d4861,https://www.xiaohongshu.com/discovery/item/5b12a84cc8e55d3a2aecc519,https://www.xiaohongshu.com/discovery/item/5b3df27407ef1c4c97cb85dc,https://www.xiaohongshu.com/discovery/item/5b0e95b0fb2a364f2b8c65e8,https://www.xiaohongshu.com/discovery/item/5b1d13a5c4463f0e03257969,https://www.xiaohongshu.com/discovery/item/5afbe36214b84e6166c11eea,https://www.xiaohongshu.com/discovery/item/5b0c0c4cc4463f6e11ddf1ee,https://www.xiaohongshu.com/discovery/item/5af11703798e2b058c6fd471,https://www.xiaohongshu.com/discovery/item/5af2873a278bd32b7e31add3,https://www.xiaohongshu.com/discovery/item/5b24adf27ee0a918ea08f21b,https://www.xiaohongshu.com/discovery/item/5aeaa1eb4b8845555a32cf12,https://www.xiaohongshu.com/discovery/item/5b0931dd4df9834025f41c06
5269d3fbb4c4d60ea2717f96,https://www.xiaohongshu.com/discovery/item/5ada98f2fb2a3620100ccb42,https://www.xiaohongshu.com/discovery/item/5af1101026c62425dabf1dba,https://www.xiaohongshu.com/discovery/item/5ae5ee2b278bd32b7e316c32,https://www.xiaohongshu.com/discovery/item/5acc365a304b1467ab9c5246,https://www.xiaohongshu.com/discovery/item/5aeff823c8e55d192e0ee95f,https://www.xiaohongshu.com/discovery/item/5b20905f278bd3549e546807,https://www.xiaohongshu.com/discovery/item/5ae4527da7c9b83ddada72eb,https://www.xiaohongshu.com/discovery/item/5adc3be6aac7cb68b7764611,https://www.xiaohongshu.com/discovery/item/5aec1eaec4463f6a887c5d0d,https://www.xiaohongshu.com/discovery/item/5b3458b6672e1430c538b483,https://www.xiaohongshu.com/discovery/item/5ae17355672e146fd870477c,https://www.xiaohongshu.com/discovery/item/5add51d893742669177f0163,https://www.xiaohongshu.com/discovery/item/5aed4e9faac7cb3c1d78746b,https://www.xiaohongshu.com/discovery/item/5ade9b634df98342b13a3721,https://www.xiaohongshu.com/discovery/item/5b0512eb672e144c0518afa7,https://www.xiaohongshu.com/discovery/item/5ad9501d14b84e0fb8d60760,https://www.xiaohongshu.com/discovery/item/5ad6ac37c8e55d3e0182a106,https://www.xiaohongshu.com/discovery/item/5ad80c10c8e55d3dff828da7,https://www.xiaohongshu.com/discovery/item/5b2b7c6893742610c1957022,https://www.xiaohongshu.com/discovery/item/5b42e16c910cf65c18d60a87
578d9bd382ec3957626c5e6a,https://www.xiaohongshu.com/discovery/item/5b2b980807ef1c4194cff085,https://www.xiaohongshu.com/discovery/item/5b0ca1a44df983402ef3fd76,https://www.xiaohongshu.com/discovery/item/5b0802ff4df9834025f40744,https://www.xiaohongshu.com/discovery/item/5b0e6f936b50751507283495,https://www.xiaohongshu.com/discovery/item/5b2f5fed910cf67e693c96f6,https://www.xiaohongshu.com/discovery/item/5b288ae36e88936735acd340,https://www.xiaohongshu.com/discovery/item/5b07ce3eaac7cb3c70d93514,https://www.xiaohongshu.com/discovery/item/5b1d60d3aac7cb59fe3232d9,https://www.xiaohongshu.com/discovery/item/5b40395d07ef1c7c7edba750,https://www.xiaohongshu.com/discovery/item/5b3a1261910cf66736b18c22,https://www.xiaohongshu.com/discovery/item/5b339802672e1430c5389e04,https://www.xiaohongshu.com/discovery/item/5b3c757c672e1408ade98803,https://www.xiaohongshu.com/discovery/item/5b0d211da7c9b8457ae5ba72,https://www.xiaohongshu.com/discovery/item/5b154fe126c62449054eaba3,https://www.xiaohongshu.com/discovery/item/5b2e4221672e1447e47ec238,https://www.xiaohongshu.com/discovery/item/5b1ab4ef9374267dbd5db2cc,https://www.xiaohongshu.com/discovery/item/5b1ea89507ef1c4205f49dbf,https://www.xiaohongshu.com/discovery/item/5b2cbd8d910cf6316abc123e,https://www.xiaohongshu.com/discovery/item/5b15bfb426c62449004ee7d1,https://www.xiaohongshu.com/discovery/item/5b1fd47a7ee0a97c5be613c8
5763e7ee6a6a691228d3dc72,https://www.xiaohongshu.com/discovery/item/5b1d2484278bd3549b54242d,https://www.xiaohongshu.com/discovery/item/5b3b0933672e1430db3a9c6f,https://www.xiaohongshu.com/discovery/item/5b06a8efc8e55d1ba9bd6338,https://www.xiaohongshu.com/discovery/item/5b0a3cbcc4463f6e1dddd57e,https://www.xiaohongshu.com/discovery/item/5b00329574da537a7155472c,https://www.xiaohongshu.com/discovery/item/5af05fcac4463f6a8e7c9472,https://www.xiaohongshu.com/discovery/item/5b0ccdfea7c9b8457ae5b27c,https://www.xiaohongshu.com/discovery/item/5afe488a672e142c3af3e901,https://www.xiaohongshu.com/discovery/item/5acd60f7c8e55d1b85c93558,https://www.xiaohongshu.com/discovery/item/5af433dcaac7cb3c1e785442,https://www.xiaohongshu.com/discovery/item/5b018f4f910cf642aa766e75,https://www.xiaohongshu.com/discovery/item/5afae0d7a7c9b83ddcdb1f7d,https://www.xiaohongshu.com/discovery/item/5b2bcb6307ef1c4194d014a5,https://www.xiaohongshu.com/discovery/item/5ae58613a7c9b83dccda6154,https://www.xiaohongshu.com/discovery/item/5af842fda7c9b83ddcdb0fd2,https://www.xiaohongshu.com/discovery/item/5ad1c5c5672e147eb322568c,https://www.xiaohongshu.com/discovery/item/5b1b5bc1672e144f38a40b96,https://www.xiaohongshu.com/discovery/item/5ae09d044df98342a53a4110,https://www.xiaohongshu.com/discovery/item/5b360ee8910cf6672ab03a96,https://www.xiaohongshu.com/discovery/item/5b081baa26c62425ccc95927
58571c8c50c4b476cf1fd57b
5981a20382ec39492c2fbb06,https://www.xiaohongshu.com/discovery/item/5b1cfd430c17b845314d7dac,https://www.xiaohongshu.com/discovery/item/5b384cc0672e1430d238c56c,https://www.xiaohongshu.com/discovery/item/5af9415fbc1c786daca9c213,https://www.xiaohongshu.com/discovery/item/5b2f8258672e1447e47f02c1,https://www.xiaohongshu.com/discovery/item/5b111a87a7c9b865263872b7,https://www.xiaohongshu.com/discovery/item/5b3f53da672e1417e7f6327b,https://www.xiaohongshu.com/discovery/item/5af3dae414b84e6160c0842d,https://www.xiaohongshu.com/discovery/item/5b153982304b147bdc886902,https://www.xiaohongshu.com/discovery/item/5b010372c4463f5c2cf8bf60,https://www.xiaohongshu.com/discovery/item/5b3b68a107ef1c4c81cafe82,https://www.xiaohongshu.com/discovery/item/5b09305e798e2b05a0d5935f,https://www.xiaohongshu.com/discovery/item/5b22402f278bd37344aa2406,https://www.xiaohongshu.com/discovery/item/5ad72335a7c9b862a934f4f1,https://www.xiaohongshu.com/discovery/item/5b33849a672e1430c5389909,https://www.xiaohongshu.com/discovery/item/5b2e25de07ef1c1d014275bc,https://www.xiaohongshu.com/discovery/item/5b0e92654df9831c5e6f5da1,https://www.xiaohongshu.com/discovery/item/5afbf542aac7cb3c1b784a2f,https://www.xiaohongshu.com/discovery/item/5b28f3be07ef1c4194cf638c,https://www.xiaohongshu.com/discovery/item/5b17ba6c304b147bd388ad74,https://www.xiaohongshu.com/discovery/item/5b1a6008278bd3549b5409d4
597021ef5e87e72b5d604c80,https://www.xiaohongshu.com/discovery/item/5b02ab09910cf66fa10af4a4,https://www.xiaohongshu.com/discovery/item/5ad2a6fc672e147ea1224d9c,https://www.xiaohongshu.com/discovery/item/5ae2d36e14b84e6164c0716b,https://www.xiaohongshu.com/discovery/item/5ad5cac8672e147eb1225bbc,https://www.xiaohongshu.com/discovery/item/5ae5a7630c17b81b93924c31,https://www.xiaohongshu.com/discovery/item/5afa705374da530a889383da,https://www.xiaohongshu.com/discovery/item/5b128c67aac7cb5a0231f74c,https://www.xiaohongshu.com/discovery/item/5b20f44914b84e2353fcba94,https://www.xiaohongshu.com/discovery/item/5b0621457ee0a90a50d30530,https://www.xiaohongshu.com/discovery/item/5ace072926c6247d9b91bedf,https://www.xiaohongshu.com/discovery/item/5b095663798e2b0590d590d9,https://www.xiaohongshu.com/discovery/item/5b3615c6910cf66736b08f37,https://www.xiaohongshu.com/discovery/item/5b1bbb666b50755d2e2cf26c,https://www.xiaohongshu.com/discovery/item/5b2ccee307ef1c744c82dceb,https://www.xiaohongshu.com/discovery/item/5ade933c672e14558e0e65cd,https://www.xiaohongshu.com/discovery/item/5b31c320910cf6673aafca5a,https://www.xiaohongshu.com/discovery/item/5b3b482b672e1425d6c5fb29,https://www.xiaohongshu.com/discovery/item/5b0a1f8ac8e55d1babbd7f57,https://www.xiaohongshu.com/discovery/item/5b28dc940c17b85bcd7f53f1,https://www.xiaohongshu.com/discovery/item/5b3c8e2507ef1c4c8ccb6314
5718454584edcd6a56e85f26,https://www.xiaohongshu.com/discovery/item/5b40af2607ef1c7c87db8b83,https://www.xiaohongshu.com/discovery/item/5af433804df983422eb60578,https://www.xiaohongshu.com/discovery/item/5b00e170aac7cb2b2e923ec1,https://www.xiaohongshu.com/discovery/item/5ae3fcdd6b50753e3d3d4252,https://www.xiaohongshu.com/discovery/item/5adc675e4df98361d961c4c4,https://www.xiaohongshu.com/discovery/item/5b34dd70910cf66736b02f15,https://www.xiaohongshu.com/discovery/item/5afadb11bc1c786d94a98778,https://www.xiaohongshu.com/discovery/item/5b07ea509374262862429f73,https://www.xiaohongshu.com/discovery/item/5b13f0709374267df05d8c1b,https://www.xiaohongshu.com/discovery/item/5b3e2b64910cf64c004dd97a,https://www.xiaohongshu.com/discovery/item/5ad2c2c2672e147eb3226444,https://www.xiaohongshu.com/discovery/item/5b05652f4df983749fec6842,https://www.xiaohongshu.com/discovery/item/5aedd278672e146fdf707c38,https://www.xiaohongshu.com/discovery/item/5b1fb587278bd3549b543d30,https://www.xiaohongshu.com/discovery/item/5ad99d184df9836209618657,https://www.xiaohongshu.com/discovery/item/5acc8d029374266c2016bf81,https://www.xiaohongshu.com/discovery/item/5b33712c672e1430db38d976,https://www.xiaohongshu.com/discovery/item/5b09242374da530cd64f1835,https://www.xiaohongshu.com/discovery/item/5b21114c07ef1c5b7d04a701,https://www.xiaohongshu.com/discovery/item/5b24bcbdaac7cb70e660de80
572731ca82ec392d73de39ef,https://www.xiaohongshu.com/discovery/item/5b399866910cf66734b1377c,https://www.xiaohongshu.com/discovery/item/5b33158b910cf6672dafff20,https://www.xiaohongshu.com/discovery/item/5b0035d16b50752c84a7c46e,https://www.xiaohongshu.com/discovery/item/5af9107fa7c9b83dcddab159,https://www.xiaohongshu.com/discovery/item/5b29cbab7ee0a918eb08f6ee,https://www.xiaohongshu.com/discovery/item/5b41c625672e1417d7f6252c,https://www.xiaohongshu.com/discovery/item/5ae5a948910cf66343c2d4ab,https://www.xiaohongshu.com/discovery/item/5ad574faeb00f30951916e4f,https://www.xiaohongshu.com/discovery/item/5acddc5ebc1c785a1e2d24ff,https://www.xiaohongshu.com/discovery/item/5af6970e798e2b058c700b17,https://www.xiaohongshu.com/discovery/item/5b0427f726c624592ef7a2e6,https://www.xiaohongshu.com/discovery/item/5add7df3672e1455930e65f8,https://www.xiaohongshu.com/discovery/item/5b0a1627304b145a935ac73d,https://www.xiaohongshu.com/discovery/item/5b0e63e96b50751508283438,https://www.xiaohongshu.com/discovery/item/5af4546fc8e55d19470f453c,https://www.xiaohongshu.com/discovery/item/5af98cff4b8845555632e771,https://www.xiaohongshu.com/discovery/item/5b03d2ec0c17b85185bb6a6d,https://www.xiaohongshu.com/discovery/item/5b0c1b70278bd3304745a11e,https://www.xiaohongshu.com/discovery/item/5b28a758aac7cb70eb6173f3,https://www.xiaohongshu.com/discovery/item/5b1525057ee0a97c5de5c312
58de75bf82ec3904983b1a15,https://www.xiaohongshu.com/discovery/item/5aff9e8e0c17b80dd8d7d33f,https://www.xiaohongshu.com/discovery/item/5b238ca474da534e4cc8af9e,https://www.xiaohongshu.com/discovery/item/5b3335dd672e1430d138ad76,https://www.xiaohongshu.com/discovery/item/5b0618434b88450af1e274cf,https://www.xiaohongshu.com/discovery/item/5ae316257ee0a950bda97b8c,https://www.xiaohongshu.com/discovery/item/5ad1ca604b88457eeb45d4e1,https://www.xiaohongshu.com/discovery/item/5ae1b22bc4463f6a7b7c4cfb,https://www.xiaohongshu.com/discovery/item/5ae8435f6e8893240c3377a7,https://www.xiaohongshu.com/discovery/item/5b123c72a7c9b86526387a31,https://www.xiaohongshu.com/discovery/item/5aeafa01eb00f35fd05a7096,https://www.xiaohongshu.com/discovery/item/5ad594cf6e88934b23769a91,https://www.xiaohongshu.com/discovery/item/5b320b4b672e1430db385906,https://www.xiaohongshu.com/discovery/item/5b34a981910cf66736b01f73,https://www.xiaohongshu.com/discovery/item/5ad98e0ac8e55d3e1082bcc0,https://www.xiaohongshu.com/discovery/item/5ae17bf2798e2b05806f72dc,https://www.xiaohongshu.com/discovery/item/5af79b89aac7cb3c1a78bf69,https://www.xiaohongshu.com/discovery/item/5b37477a910cf66736b0e640,https://www.xiaohongshu.com/discovery/item/5b39a50d672e1430d2390b5e,https://www.xiaohongshu.com/discovery/item/5b1bb4860c17b845314d5add,https://www.xiaohongshu.com/discovery/item/5af8f8a36e8893240633a4e1
5936431c82ec391d8bd24b66,https://www.xiaohongshu.com/discovery/item/5ad825216b50756a935c0643,https://www.xiaohongshu.com/discovery/item/5ae481d774da530a8b9303ee,https://www.xiaohongshu.com/discovery/item/5ae0698d0c17b81c7c56734c,https://www.xiaohongshu.com/discovery/item/5ad357830c17b84b4b643822,https://www.xiaohongshu.com/discovery/item/5ad981b86b50756a985bca89,https://www.xiaohongshu.com/discovery/item/5ad168bf4df98361f46154ff,https://www.xiaohongshu.com/discovery/item/5acdf074fb2a364747d38436,https://www.xiaohongshu.com/discovery/item/5b14e6fb6b50755d3a2c6d09,https://www.xiaohongshu.com/discovery/item/5b035d7126c624592bf78e71,https://www.xiaohongshu.com/discovery/item/5adfd515bc1c785a497df23b,https://www.xiaohongshu.com/discovery/item/5af96c6d6b50753e3d3dd83c,https://www.xiaohongshu.com/discovery/item/5ae870c4910cf66348c2ed97,https://www.xiaohongshu.com/discovery/item/5ad0a63274da5368b82cb5d3,https://www.xiaohongshu.com/discovery/item/5ad20a130c17b84b1964212f,https://www.xiaohongshu.com/discovery/item/5b25eacf14b84e1f5ae42043,https://www.xiaohongshu.com/discovery/item/5aec3fd4a7c9b83ddada8b0a,https://www.xiaohongshu.com/discovery/item/5b38398c910cf6672ab07abb,https://www.xiaohongshu.com/discovery/item/5b249c4e74da53488fe982c9,https://www.xiaohongshu.com/discovery/item/5afec1557ee0a943cbbf994d,https://www.xiaohongshu.com/discovery/item/5ae5ac99c8e55d192a0ecf45
5a152ef8e8ac2b5c7a805197,https://www.xiaohongshu.com/discovery/item/5accba29bc1c7826b729672e,https://www.xiaohongshu.com/discovery/item/5ace0b47672e146477d64dc5,https://www.xiaohongshu.com/discovery/item/5adecff64df98342a43a3904,https://www.xiaohongshu.com/discovery/item/5afea80d26c624152de2ab6f,https://www.xiaohongshu.com/discovery/item/5b0c990e6e8893299883270d,https://www.xiaohongshu.com/discovery/item/5ad42f03c8e55d3e058282ae,https://www.xiaohongshu.com/discovery/item/5b055d7d910cf6112354449b,https://www.xiaohongshu.com/discovery/item/5b30e95b07ef1c1d01436b25,https://www.xiaohongshu.com/discovery/item/5ad0b39b910cf64370bcddae,https://www.xiaohongshu.com/discovery/item/5ad2b6a36b50756a9e5bab31,https://www.xiaohongshu.com/discovery/item/5b1246b4798e2b295f4077d7,https://www.xiaohongshu.com/discovery/item/5b0df1f0a7c9b8457ae5c76f,https://www.xiaohongshu.com/discovery/item/5adb453a4df98361ee615ca9,https://www.xiaohongshu.com/discovery/item/5afeb9134df9832fef52f1a7,https://www.xiaohongshu.com/discovery/item/5ae06dbe4b884556689ca6d4,https://www.xiaohongshu.com/discovery/item/5ae9a04f4df9834222b5ce74,https://www.xiaohongshu.com/discovery/item/5b2bac45910cf63f2840aed5,https://www.xiaohongshu.com/discovery/item/5b20f73914b84e235bfcb0b9,https://www.xiaohongshu.com/discovery/item/5ad32234798e2b35b35f92a1,https://www.xiaohongshu.com/discovery/item/5ad060c4a7c9b80a26dfa365
54db10d8b4c4d65cb877027b,https://www.xiaohongshu.com/discovery/item/5b14d946bc1c784d628528c5,https://www.xiaohongshu.com/discovery/item/5acdcaab304b1431a6c21c75,https://www.xiaohongshu.com/discovery/item/5b1f9a8ceb00f304adf90122,https://www.xiaohongshu.com/discovery/item/5ae18e53937426496f76a1a6,https://www.xiaohongshu.com/discovery/item/5b39f417672e1430d13a1970,https://www.xiaohongshu.com/discovery/item/5af94c84c4463f6a917c7bd6,https://www.xiaohongshu.com/discovery/item/5afabc984b8845555a333666,https://www.xiaohongshu.com/discovery/item/5aeffc77798e2b058d6f9a87,https://www.xiaohongshu.com/discovery/item/5af6c6f4aac7cb3c1d78a8a5,https://www.xiaohongshu.com/discovery/item/5af2b966304b145a4eca078a,https://www.xiaohongshu.com/discovery/item/5ae1afebbc1c786da1a9893f,https://www.xiaohongshu.com/discovery/item/5b2503e6aac7cb70e660e42a,https://www.xiaohongshu.com/discovery/item/5af81392aac7cb3c1c78bf52,https://www.xiaohongshu.com/discovery/item/5ad4a2c174da533a502cd0eb,https://www.xiaohongshu.com/discovery/item/5b2ccb1807ef1c744b82d323,https://www.xiaohongshu.com/discovery/item/5b2b937293742610c1957662,https://www.xiaohongshu.com/discovery/item/5b3342a707ef1c561a6656cd,https://www.xiaohongshu.com/discovery/item/5b20e8f1937426192a4aa9b5,https://www.xiaohongshu.com/discovery/item/5b09248d910cf62e279e1d99,https://www.xiaohongshu.com/discovery/item/5af6986c798e2b058e6fcdcb
5a152ef8e8ac2b5c7a805197,https://www.xiaohongshu.com/discovery/item/5accba29bc1c7826b729672e,https://www.xiaohongshu.com/discovery/item/5ace0b47672e146477d64dc5,https://www.xiaohongshu.com/discovery/item/5ad42f03c8e55d3e058282ae,https://www.xiaohongshu.com/discovery/item/5b30e95b07ef1c1d01436b25,https://www.xiaohongshu.com/discovery/item/5ad0b39b910cf64370bcddae,https://www.xiaohongshu.com/discovery/item/5ad2b6a36b50756a9e5bab31,https://www.xiaohongshu.com/discovery/item/5b3f5d27910cf65c1bd57ffd,https://www.xiaohongshu.com/discovery/item/5ae06dbe4b884556689ca6d4,https://www.xiaohongshu.com/discovery/item/5ae9acfc26c62425b7becc1a,https://www.xiaohongshu.com/discovery/item/5b2bac45910cf63f2840aed5,https://www.xiaohongshu.com/discovery/item/5b20f73914b84e235bfcb0b9,https://www.xiaohongshu.com/discovery/item/5b3b613e672e147c5cf9e90e,https://www.xiaohongshu.com/discovery/item/5ad32234798e2b35b35f92a1,https://www.xiaohongshu.com/discovery/item/5ad060c4a7c9b80a26dfa365,https://www.xiaohongshu.com/discovery/item/5acdd8376e889375836eca8b,https://www.xiaohongshu.com/discovery/item/5ad444e8fb2a36200c0cc22c,https://www.xiaohongshu.com/discovery/item/5b2f9a55910cf67e6b3c19f2,https://www.xiaohongshu.com/discovery/item/5b2e3969672e1447e47ebf2a,https://www.xiaohongshu.com/discovery/item/5aee89cd74da530a82932df1,https://www.xiaohongshu.com/discovery/item/5ad9cfc7304b14018167d710
